Date,Time,InstrumentId,InstrumentName,Side,SideName,Quantity,Price,OrderId,AccountId,MarketId,TransactTime,TimeStamp,ExecId,OrderStatus,Exchange,Contract,Originator,CurrentUser
2025-07-18,08:53:01.063,1375333834396392980,Unknown_1375333834396392980,2,SELL,10.0,110.8125,20f204f2-ad92-4ca5-962c-3a472678d195,1250594,7,1752843181063118222,1752843181063118222,,3,CME,ZN Sep25,,YSanghavi
2025-07-18,08:55:03.661,1375333834396392980,Unknown_1375333834396392980,2,SELL,10.0,110.8125,144ceb5e-15df-4426-8840-a29d5f537f15,1250594,7,1752843303661941660,1752843303661941660,,3,CME,ZN Sep25,,YSanghavi
2025-07-18,08:57:45.664,1375333834396392980,Unknown_1375333834396392980,2,SELL,16.0,110.859375,dde8c6a3-de3f-4c10-bb5b-f462d90942f5,1250594,7,1752843465664589473,1752843465664589473,,3,CME,ZN Sep25,,YSanghavi
2025-07-18,09:05:45.232,1375333834396392980,Unknown_1375333834396392980,2,SELL,10.0,110.84375,736962d7-b4db-4554-8017-42e7763c8148,1250594,7,1752843945232230133,1752843945232230133,,3,CME,ZN Sep25,,YSanghavi
2025-07-18,09:08:08.675,1375333834396392980,Unknown_1375333834396392980,1,BUY,4.0,110.828125,39912912-7560-4da8-9fb4-4966fe0ee46f,1250594,7,1752844088675395712,1752844088675395712,,3,CME,ZN Sep25,,YSanghavi
2025-07-18,09:24:31.096,1375333834396392980,Unknown_1375333834396392980,2,SELL,20.0,110.859375,16c92e40-881c-40f5-a1ac-5190cc3976f3,1250594,7,1752845071096749247,1752845071096749247,,3,CME,ZN Sep25,,YSanghavi
2025-07-18,09:29:53.588,1375333834396392980,Unknown_1375333834396392980,1,BUY,15.0,110.84375,f0f00c35-ddc8-4c43-8085-43599eb0908e,1250594,7,1752845393588145568,1752845393588145568,,3,CME,ZN Sep25,,YSanghavi
2025-07-18,09:50:17.785,1375333834396392980,Unknown_1375333834396392980,2,SELL,10.0,110.8125,8ce87cba-357f-4383-9325-c447ddb81b3d,1250594,7,1752846617785657024,1752846617785657024,,3,CME,ZN Sep25,,YSanghavi
2025-07-18,09:56:37.038,1375333834396392980,Unknown_1375333834396392980,2,SELL,10.0,110.828125,b45a44a5-bff3-4b2f-b779-fbe1d0ebb395,1250594,7,1752846997038852910,1752846997038852910,,3,CME,ZN Sep25,,YSanghavi
2025-07-18,09:58:15.705,1375333834396392980,Unknown_1375333834396392980,1,BUY,4.0,110.8125,9d764f37-5ab7-41dd-8aee-c8245e25ec23,1250594,7,1752847095705922908,1752847095705922908,,3,CME,ZN Sep25,,YSanghavi
2025-07-18,10:00:00.028,1375333834396392980,Unknown_1375333834396392980,2,SELL,20.0,110.84375,c37896aa-40ae-4bf4-aa75-46c7f5024e04,1250594,7,1752847200028761378,1752847200028761378,,3,CME,ZN Sep25,,YSanghavi
2025-07-18,10:00:00.029,1375333834396392980,Unknown_1375333834396392980,2,SELL,40.0,110.859375,df32ebd7-6d73-4a6c-87bb-a0c319e60773,1250594,7,1752847200029571409,1752847200029571409,,3,CME,ZN Sep25,,YSanghavi
2025-07-18,10:00:00.064,1375333834396392980,Unknown_1375333834396392980,2,SELL,8.0,110.875,a5f7ce9a-8603-4080-8504-8243836411f5,1250594,7,1752847200064352732,1752847200064352732,,2,CME,ZN Sep25,,YSanghavi
2025-07-18,10:00:00.066,1375333834396392980,Unknown_1375333834396392980,2,SELL,1.0,110.875,a5f7ce9a-8603-4080-8504-8243836411f5,1250594,7,1752847200066243369,1752847200066243369,,2,CME,ZN Sep25,,YSanghavi
2025-07-18,10:00:00.066,1375333834396392980,Unknown_1375333834396392980,2,SELL,1.0,110.875,a5f7ce9a-8603-4080-8504-8243836411f5,1250594,7,1752847200066809393,1752847200066809393,,2,CME,ZN Sep25,,YSanghavi
2025-07-18,10:00:00.068,1375333834396392980,Unknown_1375333834396392980,2,SELL,70.0,110.875,a5f7ce9a-8603-4080-8504-8243836411f5,1250594,7,1752847200068075082,1752847200068075082,,3,CME,ZN Sep25,,YSanghavi
2025-07-18,10:00:00.413,1375333834396392980,Unknown_1375333834396392980,1,BUY,80.0,110.859375,e6d7cad6-39bf-4c8b-80e0-563bed6a55b5,1250594,7,1752847200413981677,1752847200413981677,,3,CME,ZN Sep25,,YSanghavi
2025-07-18,10:57:10.423,1375333834396392980,Unknown_1375333834396392980,2,SELL,10.0,110.78125,60908437-9e84-480b-b5b5-0ab8fc6489e7,1250594,7,1752850630423494234,1752850630423494234,,3,CME,ZN Sep25,,YSanghavi
2025-07-18,10:59:00.535,1375333834396392980,Unknown_1375333834396392980,1,BUY,4.0,110.765625,2e6578de-64e0-4733-8b5b-680cda064267,1250594,7,1752850740535250282,1752850740535250282,,3,CME,ZN Sep25,,YSanghavi
2025-07-18,11:10:54.791,1375333834396392980,Unknown_1375333834396392980,2,SELL,20.0,110.796875,d6c0e8c5-4681-4f96-b67d-832ea033afc0,1250594,7,1752851454791437635,1752851454791437635,,3,CME,ZN Sep25,,YSanghavi
2025-07-18,11:14:09.206,1375333834396392980,Unknown_1375333834396392980,1,BUY,1.0,110.78125,93e8d372-26da-4601-a5a8-8c7b66fb3b77,1250594,7,1752851649206638804,1752851649206638804,,2,CME,ZN Sep25,,YSanghavi
2025-07-18,11:14:09.206,1375333834396392980,Unknown_1375333834396392980,1,BUY,1.0,110.78125,93e8d372-26da-4601-a5a8-8c7b66fb3b77,1250594,7,1752851649206944567,1752851649206944567,,2,CME,ZN Sep25,,YSanghavi
2025-07-18,11:14:09.207,1375333834396392980,Unknown_1375333834396392980,1,BUY,7.0,110.78125,93e8d372-26da-4601-a5a8-8c7b66fb3b77,1250594,7,1752851649207050995,1752851649207050995,,2,CME,ZN Sep25,,YSanghavi
2025-07-18,11:14:09.207,1375333834396392980,Unknown_1375333834396392980,1,BUY,1.0,110.78125,93e8d372-26da-4601-a5a8-8c7b66fb3b77,1250594,7,1752851649207165988,1752851649207165988,,2,CME,ZN Sep25,,YSanghavi
2025-07-18,11:14:09.207,1375333834396392980,Unknown_1375333834396392980,1,BUY,4.0,110.78125,93e8d372-26da-4601-a5a8-8c7b66fb3b77,1250594,7,1752851649207290333,1752851649207290333,,2,CME,ZN Sep25,,YSanghavi
2025-07-18,11:14:09.207,1375333834396392980,Unknown_1375333834396392980,1,BUY,1.0,110.78125,93e8d372-26da-4601-a5a8-8c7b66fb3b77,1250594,7,1752851649207379188,1752851649207379188,,3,CME,ZN Sep25,,YSanghavi
2025-07-18,11:16:41.164,1375333834396392980,Unknown_1375333834396392980,2,SELL,40.0,110.8125,8c83fdfd-fb08-43f1-b696-d0580b3e3dc3,1250594,7,1752851801164322633,1752851801164322633,,3,CME,ZN Sep25,,YSanghavi
2025-07-18,11:18:13.329,1375333834396392980,Unknown_1375333834396392980,2,SELL,80.0,110.828125,324eea97-1a2e-4348-a7d5-547f6fb5a137,1250594,7,1752851893329654395,1752851893329654395,,3,CME,ZN Sep25,,YSanghavi
2025-07-18,11:39:26.680,1375333834396392980,Unknown_1375333834396392980,2,SELL,7.0,110.859375,3b9ac118-e490-465d-bb2f-8f6f51b1eecd,1250594,7,1752853166680925622,1752853166680925622,,2,CME,ZN Sep25,,YSanghavi
2025-07-18,11:39:26.681,1375333834396392980,Unknown_1375333834396392980,2,SELL,3.0,110.859375,3b9ac118-e490-465d-bb2f-8f6f51b1eecd,1250594,7,1752853166681189869,1752853166681189869,,3,CME,ZN Sep25,,YSanghavi
2025-07-18,14:35:09.629,1375333834396392980,Unknown_1375333834396392980,1,BUY,4.0,110.8125,05e1adfc-6827-4b1c-af95-5e779e76859d,1250594,7,1752863709629237202,1752863709629237202,,3,CME,ZN Sep25,,YSanghavi
2025-07-21,18:54:26.360,1375333834396392980,Unknown_1375333834396392980,1,BUY,1.0,111.140625,03aab080-61dd-45cb-86db-fc95b9e40209,1250594,7,1753138466360323939,1753138466360323939,,3,CME,ZN Sep25,,YSanghavi
2025-07-21,19:08:15.919,1375333834396392980,Unknown_1375333834396392980,1,BUY,1.0,111.15625,059ecc25-6c1b-4df7-b646-03b0f33dae7c,1250594,7,1753139295919580854,1753139295919580854,,3,CME,ZN Sep25,,YSanghavi
2025-07-22,12:18:08.256,1375333834396392980,Unknown_1375333834396392980,1,BUY,1.0,111.390625,ba5a9cdc-5656-455e-ab5a-b8e422f90d3c,1250594,7,1753201088256223623,1753201088256223623,,3,CME,ZN Sep25,,YSanghavi
2025-07-22,12:21:28.736,7666775815297668687,Unknown_7666775815297668687,1,BUY,1.0,0.0,342df20f-cae6-4d50-a69d-a57f8370a2ef,1250594,7,1753201288736100946,1753201288736100946,,3,CME,10Y Sep25,,YSanghavi
2025-07-22,12:21:28.736,7666775815297668687,Unknown_7666775815297668687,2,SELL,1.0,0.0,412ccd4d-d475-496a-9b22-e0052c78149d,1345839,7,1753201288736206116,1753201288736206116,,3,CME,10Y Sep25,,YSanghavi
2025-07-24,09:30:33.954,1375333834396392980,Unknown_1375333834396392980,1,BUY,10.0,110.625,a0269fa7-0c4a-4b9f-9d1f-80b4502c2352,1250594,7,1753363833954016328,1753363833954016328,,3,CME,ZN Sep25,,YSanghavi
2025-07-24,09:31:23.578,1375333834396392980,Unknown_1375333834396392980,2,SELL,4.0,110.640625,b7aed268-96c0-4db5-ad5e-7c623d1ee104,1250594,7,1753363883578427256,1753363883578427256,,3,CME,ZN Sep25,,YSanghavi
2025-07-24,09:35:11.554,1375333834396392980,Unknown_1375333834396392980,1,BUY,10.0,110.65625,5f5c927a-95d0-4dac-aeb0-14a7007f6d57,1250594,7,1753364111554738786,1753364111554738786,,3,CME,ZN Sep25,,YSanghavi
2025-07-24,09:35:13.760,1375333834396392980,Unknown_1375333834396392980,1,BUY,20.0,110.65625,ae79e2e4-7381-40df-bbb5-e9da12f56bc4,1250594,7,1753364113760849787,1753364113760849787,,3,CME,ZN Sep25,,YSanghavi
2025-07-24,09:35:25.885,1375333834396392980,Unknown_1375333834396392980,1,BUY,40.0,110.671875,810407b1-2668-44a0-863e-4a5e9fb2966e,1250594,7,1753364125885026944,1753364125885026944,,3,CME,ZN Sep25,,YSanghavi
2025-07-24,09:35:32.481,1375333834396392980,Unknown_1375333834396392980,1,BUY,80.0,110.671875,53913db9-38df-4c4e-b1ae-43f1f3050061,1250594,7,1753364132481150566,1753364132481150566,,3,CME,ZN Sep25,,YSanghavi
2025-07-24,09:37:08.031,1375333834396392980,Unknown_1375333834396392980,1,BUY,10.0,110.671875,51bf184f-70e8-46d4-b2f7-346de4a921ac,1250594,7,1753364228031796922,1753364228031796922,,3,CME,ZN Sep25,,YSanghavi
2025-07-24,09:37:16.598,1375333834396392980,Unknown_1375333834396392980,1,BUY,20.0,110.671875,b14e5c31-4873-401d-bcee-1f99bd4caa82,1250594,7,1753364236598297152,1753364236598297152,,3,CME,ZN Sep25,,YSanghavi
2025-07-24,09:37:19.548,1375333834396392980,Unknown_1375333834396392980,1,BUY,40.0,110.671875,dbef81f8-9384-4e83-acf8-930b98cb91cd,1250594,7,1753364239548109219,1753364239548109219,,3,CME,ZN Sep25,,YSanghavi
2025-07-24,09:37:24.497,1375333834396392980,Unknown_1375333834396392980,1,BUY,80.0,110.6875,ca0465c0-2e47-4430-9461-14a164e5636f,1250594,7,1753364244497938277,1753364244497938277,,3,CME,ZN Sep25,,YSanghavi
2025-07-24,10:24:42.392,1375333834396392980,Unknown_1375333834396392980,1,BUY,10.0,110.828125,8cc87bc8-e83a-4bc3-a8d6-e90f6db48ddf,1250594,7,1753367082392789058,1753367082392789058,,3,CME,ZN Sep25,,YSanghavi
2025-07-24,10:24:49.610,1375333834396392980,Unknown_1375333834396392980,1,BUY,20.0,110.828125,dc13f399-0f33-4905-83c3-53f5e53ba699,1250594,7,1753367089610784893,1753367089610784893,,3,CME,ZN Sep25,,YSanghavi
2025-07-24,10:24:53.806,1375333834396392980,Unknown_1375333834396392980,1,BUY,40.0,110.828125,983f5727-13ae-4d04-8647-1cc1599af5f7,1250594,7,1753367093806428263,1753367093806428263,,3,CME,ZN Sep25,,YSanghavi
2025-07-24,10:25:03.315,1375333834396392980,Unknown_1375333834396392980,1,BUY,80.0,110.828125,74755fb7-f6b1-498e-a2d5-61b3af710fbc,1250594,7,1753367103315695733,1753367103315695733,,3,CME,ZN Sep25,,YSanghavi
2025-07-24,10:25:46.730,1375333834396392980,Unknown_1375333834396392980,1,BUY,10.0,110.828125,39d252ff-94a6-4885-bcd7-79dc50b53955,1250594,7,1753367146730410305,1753367146730410305,,3,CME,ZN Sep25,,YSanghavi
2025-07-24,10:25:48.968,1375333834396392980,Unknown_1375333834396392980,1,BUY,20.0,110.828125,a781315c-5694-4750-b0d8-e93fd3042269,1250594,7,1753367148968041800,1753367148968041800,,3,CME,ZN Sep25,,YSanghavi
2025-07-24,10:25:52.649,1375333834396392980,Unknown_1375333834396392980,1,BUY,40.0,110.8125,9e44d7e6-1990-40e4-aa06-f03e40c7c0b4,1250594,7,1753367152649010192,1753367152649010192,,3,CME,ZN Sep25,,YSanghavi
2025-07-24,10:25:57.892,1375333834396392980,Unknown_1375333834396392980,1,BUY,80.0,110.8125,10e84c0c-9fad-415f-81d4-909c6255a4a0,1250594,7,1753367157892515563,1753367157892515563,,3,CME,ZN Sep25,,YSanghavi
2025-07-24,10:53:42.945,1375333834396392980,Unknown_1375333834396392980,1,BUY,10.0,110.78125,e954b1a4-b372-4289-b744-c39ef3ade593,1250594,7,1753368822945083192,1753368822945083192,,3,CME,ZN Sep25,,YSanghavi
2025-07-24,10:53:47.158,1375333834396392980,Unknown_1375333834396392980,1,BUY,20.0,110.796875,5a1f70a3-32cf-42ab-88de-d72da45a8a93,1250594,7,1753368827158599696,1753368827158599696,,3,CME,ZN Sep25,,YSanghavi
2025-07-24,10:53:53.131,1375333834396392980,Unknown_1375333834396392980,1,BUY,40.0,110.796875,eda4ccd7-3bd4-4d2b-b7d4-6c1c1a8a98c7,1250594,7,1753368833131988344,1753368833131988344,,3,CME,ZN Sep25,,YSanghavi
2025-07-24,10:54:33.250,1375333834396392980,Unknown_1375333834396392980,1,BUY,10.0,110.78125,3fd6a573-2e3a-4172-8e62-55ccd770fa28,1250594,7,1753368873250799997,1753368873250799997,,3,CME,ZN Sep25,,YSanghavi
2025-07-24,10:55:07.712,1375333834396392980,Unknown_1375333834396392980,1,BUY,20.0,110.78125,a187f77e-a2c8-411b-af34-f8ec3b8bda2e,1250594,7,1753368907712949944,1753368907712949944,,3,CME,ZN Sep25,,YSanghavi
2025-07-24,10:55:12.310,1375333834396392980,Unknown_1375333834396392980,1,BUY,40.0,110.78125,a3771b12-92ff-478d-ba1e-243d389ead8f,1250594,7,1753368912310915637,1753368912310915637,,3,CME,ZN Sep25,,YSanghavi
2025-07-24,10:57:35.049,1375333834396392980,Unknown_1375333834396392980,1,BUY,4.0,110.796875,8cdcb3bb-438b-421a-aaf5-33c96a6ad7e1,1345839,7,1753369055049491397,1753369055049491397,,2,CME,ZN Sep25,,YSanghavi
2025-07-24,10:57:35.050,1375333834396392980,Unknown_1375333834396392980,1,BUY,1.0,110.796875,8cdcb3bb-438b-421a-aaf5-33c96a6ad7e1,1345839,7,1753369055050063782,1753369055050063782,,2,CME,ZN Sep25,,YSanghavi
2025-07-24,10:57:35.058,1375333834396392980,Unknown_1375333834396392980,1,BUY,3.0,110.796875,8cdcb3bb-438b-421a-aaf5-33c96a6ad7e1,1345839,7,1753369055058984403,1753369055058984403,,2,CME,ZN Sep25,,YSanghavi
2025-07-24,10:57:35.061,1375333834396392980,Unknown_1375333834396392980,1,BUY,1.0,110.796875,8cdcb3bb-438b-421a-aaf5-33c96a6ad7e1,1345839,7,1753369055061996517,1753369055061996517,,2,CME,ZN Sep25,,YSanghavi
2025-07-24,10:57:35.065,1375333834396392980,Unknown_1375333834396392980,1,BUY,1.0,110.796875,8cdcb3bb-438b-421a-aaf5-33c96a6ad7e1,1345839,7,1753369055065972237,1753369055065972237,,3,CME,ZN Sep25,,YSanghavi
2025-07-24,10:59:00.223,1375333834396392980,Unknown_1375333834396392980,1,BUY,5.0,110.796875,712b5320-9bdd-4179-b7bb-393ee41c35d5,1250594,7,1753369140223300089,1753369140223300089,,2,CME,ZN Sep25,,YSanghavi
2025-07-24,10:59:00.224,1375333834396392980,Unknown_1375333834396392980,1,BUY,5.0,110.796875,712b5320-9bdd-4179-b7bb-393ee41c35d5,1250594,7,1753369140224035701,1753369140224035701,,3,CME,ZN Sep25,,YSanghavi
2025-07-24,11:00:43.269,1375333834396392980,Unknown_1375333834396392980,1,BUY,20.0,110.796875,979177f2-2ff0-4f75-ae78-2e5570acc5de,1250594,7,1753369243269145415,1753369243269145415,,3,CME,ZN Sep25,,YSanghavi
2025-07-24,11:00:47.492,1375333834396392980,Unknown_1375333834396392980,1,BUY,40.0,110.796875,03c617da-c6b0-4198-bc99-be235c49c0f6,1250594,7,1753369247492165963,1753369247492165963,,3,CME,ZN Sep25,,YSanghavi
2025-07-24,11:01:05.033,1375333834396392980,Unknown_1375333834396392980,2,SELL,15.0,110.78125,e509f306-cde0-4760-9d4b-17a4b547d5ef,1250594,7,1753369265033125708,1753369265033125708,,3,CME,ZN Sep25,,YSanghavi
2025-07-24,11:02:42.887,1375333834396392980,Unknown_1375333834396392980,1,BUY,10.0,110.78125,cccc8b01-c201-4b37-8db7-c4583a090d0d,1250594,7,1753369362887181033,1753369362887181033,,3,CME,ZN Sep25,,YSanghavi
2025-07-24,11:03:10.634,1375333834396392980,Unknown_1375333834396392980,1,BUY,9.0,110.78125,0917ae7a-13aa-4525-9f01-2f29c00cc420,1250594,7,1753369390634690639,1753369390634690639,,2,CME,ZN Sep25,,YSanghavi
2025-07-24,11:03:10.636,1375333834396392980,Unknown_1375333834396392980,1,BUY,1.0,110.78125,0917ae7a-13aa-4525-9f01-2f29c00cc420,1250594,7,1753369390636152961,1753369390636152961,,2,CME,ZN Sep25,,YSanghavi
2025-07-24,11:03:10.637,1375333834396392980,Unknown_1375333834396392980,1,BUY,1.0,110.78125,0917ae7a-13aa-4525-9f01-2f29c00cc420,1250594,7,1753369390637296575,1753369390637296575,,2,CME,ZN Sep25,,YSanghavi
2025-07-24,11:03:10.637,1375333834396392980,Unknown_1375333834396392980,1,BUY,1.0,110.78125,0917ae7a-13aa-4525-9f01-2f29c00cc420,1250594,7,1753369390637564771,1753369390637564771,,2,CME,ZN Sep25,,YSanghavi
2025-07-24,11:03:10.637,1375333834396392980,Unknown_1375333834396392980,1,BUY,1.0,110.78125,0917ae7a-13aa-4525-9f01-2f29c00cc420,1250594,7,1753369390637794505,1753369390637794505,,2,CME,ZN Sep25,,YSanghavi
2025-07-24,11:03:10.637,1375333834396392980,Unknown_1375333834396392980,1,BUY,1.0,110.78125,0917ae7a-13aa-4525-9f01-2f29c00cc420,1250594,7,1753369390637960864,1753369390637960864,,2,CME,ZN Sep25,,YSanghavi
2025-07-24,11:03:10.638,1375333834396392980,Unknown_1375333834396392980,1,BUY,1.0,110.78125,0917ae7a-13aa-4525-9f01-2f29c00cc420,1250594,7,1753369390638104091,1753369390638104091,,2,CME,ZN Sep25,,YSanghavi
2025-07-24,11:03:10.638,1375333834396392980,Unknown_1375333834396392980,1,BUY,1.0,110.78125,0917ae7a-13aa-4525-9f01-2f29c00cc420,1250594,7,1753369390638252286,1753369390638252286,,2,CME,ZN Sep25,,YSanghavi
2025-07-24,11:03:10.638,1375333834396392980,Unknown_1375333834396392980,1,BUY,1.0,110.78125,0917ae7a-13aa-4525-9f01-2f29c00cc420,1250594,7,1753369390638379614,1753369390638379614,,2,CME,ZN Sep25,,YSanghavi
2025-07-24,11:03:10.638,1375333834396392980,Unknown_1375333834396392980,1,BUY,1.0,110.78125,0917ae7a-13aa-4525-9f01-2f29c00cc420,1250594,7,1753369390638476861,1753369390638476861,,2,CME,ZN Sep25,,YSanghavi
2025-07-24,11:03:10.638,1375333834396392980,Unknown_1375333834396392980,1,BUY,1.0,110.78125,0917ae7a-13aa-4525-9f01-2f29c00cc420,1250594,7,1753369390638654192,1753369390638654192,,2,CME,ZN Sep25,,YSanghavi
2025-07-24,11:03:10.638,1375333834396392980,Unknown_1375333834396392980,1,BUY,1.0,110.78125,0917ae7a-13aa-4525-9f01-2f29c00cc420,1250594,7,1753369390638999633,1753369390638999633,,3,CME,ZN Sep25,,YSanghavi
2025-07-24,11:03:10.754,1375333834396392980,Unknown_1375333834396392980,1,BUY,40.0,110.78125,fe12532f-6f37-4e3d-bcb2-1bf04b122493,1250594,7,1753369390754325154,1753369390754325154,,3,CME,ZN Sep25,,YSanghavi
2025-07-24,11:04:22.882,1375333834396392980,Unknown_1375333834396392980,1,BUY,10.0,110.765625,44ab39d1-0449-4257-a137-c579f70a9861,1250594,7,1753369462882186011,1753369462882186011,,3,CME,ZN Sep25,,YSanghavi
2025-07-24,11:05:16.951,1375333834396392980,Unknown_1375333834396392980,1,BUY,1.0,110.765625,a24126c5-c71e-4ad3-9eb2-3bcb3741ad5b,1250594,7,1753369516951702211,1753369516951702211,,2,CME,ZN Sep25,,YSanghavi
2025-07-24,11:05:16.952,1375333834396392980,Unknown_1375333834396392980,1,BUY,19.0,110.765625,a24126c5-c71e-4ad3-9eb2-3bcb3741ad5b,1250594,7,1753369516952001948,1753369516952001948,,3,CME,ZN Sep25,,YSanghavi
2025-07-24,11:05:30.533,1375333834396392980,Unknown_1375333834396392980,1,BUY,40.0,110.765625,b7fe6591-2a47-4103-bd0c-42ba8dd5700b,1250594,7,1753369530533281257,1753369530533281257,,3,CME,ZN Sep25,,YSanghavi
2025-07-24,11:09:34.834,1375333834396392980,Unknown_1375333834396392980,1,BUY,2.0,110.75,39e10c05-593e-4922-91d4-9b357fec1bca,1250594,7,1753369774834436340,1753369774834436340,,2,CME,ZN Sep25,,YSanghavi
2025-07-24,11:09:34.834,1375333834396392980,Unknown_1375333834396392980,1,BUY,1.0,110.75,39e10c05-593e-4922-91d4-9b357fec1bca,1250594,7,1753369774834884253,1753369774834884253,,2,CME,ZN Sep25,,YSanghavi
2025-07-24,11:09:34.836,1375333834396392980,Unknown_1375333834396392980,1,BUY,1.0,110.75,39e10c05-593e-4922-91d4-9b357fec1bca,1250594,7,1753369774836875994,1753369774836875994,,2,CME,ZN Sep25,,YSanghavi
2025-07-24,11:09:34.837,1375333834396392980,Unknown_1375333834396392980,1,BUY,6.0,110.75,39e10c05-593e-4922-91d4-9b357fec1bca,1250594,7,1753369774837413846,1753369774837413846,,3,CME,ZN Sep25,,YSanghavi
2025-07-24,11:13:43.633,1375333834396392980,Unknown_1375333834396392980,1,BUY,20.0,110.78125,6e6eeb1d-fd7f-4716-b8b1-24ff0ff23b3a,1250594,7,1753370023633617468,1753370023633617468,,3,CME,ZN Sep25,,YSanghavi
2025-07-24,11:15:38.615,1375333834396392980,Unknown_1375333834396392980,1,BUY,40.0,110.796875,52781ca5-e41d-4ca1-bd8e-53ee1195b4d9,1250594,7,1753370138615410191,1753370138615410191,,3,CME,ZN Sep25,,YSanghavi
2025-07-24,11:24:42.847,1375333834396392980,Unknown_1375333834396392980,1,BUY,10.0,110.875,ba65ded7-6c1d-48ca-a12f-18567e79538b,1250594,7,1753370682847308481,1753370682847308481,,3,CME,ZN Sep25,,YSanghavi
2025-07-24,11:31:26.635,1375333834396392980,Unknown_1375333834396392980,1,BUY,20.0,110.90625,19b9a74b-367e-4160-8701-097410ab526c,1250594,7,1753371086635807987,1753371086635807987,,3,CME,ZN Sep25,,YSanghavi
2025-07-24,11:36:39.457,1375333834396392980,Unknown_1375333834396392980,1,BUY,40.0,110.90625,47a037ff-3134-49ec-819c-0135b398686e,1250594,7,1753371399457793142,1753371399457793142,,3,CME,ZN Sep25,,YSanghavi
2025-07-24,11:38:10.820,1375333834396392980,Unknown_1375333834396392980,1,BUY,10.0,110.875,cae5171a-a51b-4c14-9525-3e90df5f72fb,1250594,7,1753371490820088284,1753371490820088284,,3,CME,ZN Sep25,,YSanghavi
2025-07-24,11:43:42.034,1375333834396392980,Unknown_1375333834396392980,1,BUY,20.0,110.859375,16ab8c91-bd68-4fec-b1e3-818d261b78c4,1250594,7,1753371822034261404,1753371822034261404,,3,CME,ZN Sep25,,YSanghavi
2025-07-24,11:53:06.549,1375333834396392980,Unknown_1375333834396392980,1,BUY,40.0,110.84375,bfb7b203-2069-44df-bb9d-6457ce3c5aa4,1250594,7,1753372386549514886,1753372386549514886,,3,CME,ZN Sep25,,YSanghavi
2025-07-24,15:34:17.675,1375333834396392980,Unknown_1375333834396392980,2,SELL,1.0,110.765625,264d0547-499d-4d1f-96eb-811733afd11b,1250594,7,1753385657675470808,1753385657675470808,,3,CME,ZN Sep25,,YSanghavi
2025-07-28,14:28:20.609,1375333834396392980,Unknown_1375333834396392980,1,BUY,10.0,110.828125,a516be85-b730-4938-a7b0-21bb812d7e41,1250594,7,1753727300609437950,1753727300609437950,,3,CME,ZN Sep25,,YSanghavi
2025-07-28,14:28:24.011,1375333834396392980,Unknown_1375333834396392980,1,BUY,20.0,110.828125,13184800-0b28-47f2-820c-7669eeb8cbf3,1250594,7,1753727304011359363,1753727304011359363,,3,CME,ZN Sep25,,YSanghavi
2025-07-28,14:28:26.790,1375333834396392980,Unknown_1375333834396392980,1,BUY,40.0,110.828125,0430d1a9-ad87-4602-bac8-443bf848549e,1250594,7,1753727306790562697,1753727306790562697,,3,CME,ZN Sep25,,YSanghavi
2025-07-28,14:30:16.093,1375333834396392980,Unknown_1375333834396392980,1,BUY,10.0,110.828125,6d292efa-6931-4c6d-8b39-fab2984ac55d,1250594,7,1753727416093735265,1753727416093735265,,3,CME,ZN Sep25,,YSanghavi
2025-07-28,14:30:18.948,1375333834396392980,Unknown_1375333834396392980,1,BUY,20.0,110.828125,ec464241-bf51-462e-8cd6-49f7843e93c9,1250594,7,1753727418948192611,1753727418948192611,,3,CME,ZN Sep25,,YSanghavi
2025-07-28,14:30:21.768,1375333834396392980,Unknown_1375333834396392980,1,BUY,40.0,110.828125,80a2e5dc-aa8f-4c9a-8405-0d6d3f15d875,1250594,7,1753727421768186890,1753727421768186890,,3,CME,ZN Sep25,,YSanghavi
2025-07-28,14:30:24.176,1375333834396392980,Unknown_1375333834396392980,1,BUY,80.0,110.828125,b49a3cee-59a7-4dd0-be26-4a6377da91c3,1250594,7,1753727424176481626,1753727424176481626,,3,CME,ZN Sep25,,YSanghavi
2025-07-28,14:42:00.320,1375333834396392980,Unknown_1375333834396392980,1,BUY,10.0,110.8125,b034952c-82c1-4324-8dc5-660153b07bab,1250594,7,1753728120320141836,1753728120320141836,,3,CME,ZN Sep25,,YSanghavi
2025-07-28,14:42:16.816,1375333834396392980,Unknown_1375333834396392980,1,BUY,20.0,110.8125,584b919e-05fb-46fa-b9ad-c871036166aa,1250594,7,1753728136816223390,1753728136816223390,,3,CME,ZN Sep25,,YSanghavi
2025-07-28,14:42:23.236,1375333834396392980,Unknown_1375333834396392980,1,BUY,40.0,110.8125,f47c16dd-3cac-4b65-b6be-d0583bfda869,1250594,7,1753728143236016038,1753728143236016038,,3,CME,ZN Sep25,,YSanghavi
2025-07-28,14:53:51.527,1375333834396392980,Unknown_1375333834396392980,1,BUY,1000.0,110.796875,62962c0d-c572-4537-b672-368792743c3a,1250594,7,1753728831527292184,1753728831527292184,,3,CME,ZN Sep25,,YSanghavi
2025-07-28,14:55:09.818,1375333834396392980,Unknown_1375333834396392980,1,BUY,4025.0,110.78125,d7dc0595-abb2-40a4-8474-d99285530260,1250594,7,1753728909818933714,1753728909818933714,,2,CME,ZN Sep25,,YSanghavi
2025-07-28,14:55:10.111,1375333834396392980,Unknown_1375333834396392980,1,BUY,262.0,110.78125,d7dc0595-abb2-40a4-8474-d99285530260,1250594,7,1753728910111429503,1753728910111429503,,2,CME,ZN Sep25,,YSanghavi
2025-07-28,14:55:10.141,1375333834396392980,Unknown_1375333834396392980,1,BUY,114.0,110.78125,d7dc0595-abb2-40a4-8474-d99285530260,1250594,7,1753728910141514803,1753728910141514803,,2,CME,ZN Sep25,,YSanghavi
2025-07-28,14:55:10.421,1375333834396392980,Unknown_1375333834396392980,1,BUY,1.0,110.78125,d7dc0595-abb2-40a4-8474-d99285530260,1250594,7,1753728910421710924,1753728910421710924,,2,CME,ZN Sep25,,YSanghavi
2025-07-28,14:55:10.443,1375333834396392980,Unknown_1375333834396392980,1,BUY,1.0,110.78125,d7dc0595-abb2-40a4-8474-d99285530260,1250594,7,1753728910443654332,1753728910443654332,,2,CME,ZN Sep25,,YSanghavi
2025-07-28,14:55:11.236,1375333834396392980,Unknown_1375333834396392980,1,BUY,1.0,110.78125,d7dc0595-abb2-40a4-8474-d99285530260,1250594,7,1753728911236491483,1753728911236491483,,2,CME,ZN Sep25,,YSanghavi
2025-07-28,14:55:12.467,1375333834396392980,Unknown_1375333834396392980,1,BUY,21.0,110.78125,d7dc0595-abb2-40a4-8474-d99285530260,1250594,7,1753728912467502102,1753728912467502102,,2,CME,ZN Sep25,,YSanghavi
2025-07-28,14:55:12.491,1375333834396392980,Unknown_1375333834396392980,1,BUY,36.0,110.78125,d7dc0595-abb2-40a4-8474-d99285530260,1250594,7,1753728912491156769,1753728912491156769,,2,CME,ZN Sep25,,YSanghavi
2025-07-28,14:55:12.582,1375333834396392980,Unknown_1375333834396392980,1,BUY,8.0,110.78125,d7dc0595-abb2-40a4-8474-d99285530260,1250594,7,1753728912582425074,1753728912582425074,,2,CME,ZN Sep25,,YSanghavi
2025-07-28,14:55:12.616,1375333834396392980,Unknown_1375333834396392980,1,BUY,44.0,110.78125,d7dc0595-abb2-40a4-8474-d99285530260,1250594,7,1753728912616133592,1753728912616133592,,2,CME,ZN Sep25,,YSanghavi
2025-07-28,14:55:12.635,1375333834396392980,Unknown_1375333834396392980,1,BUY,10.0,110.78125,d7dc0595-abb2-40a4-8474-d99285530260,1250594,7,1753728912635926630,1753728912635926630,,2,CME,ZN Sep25,,YSanghavi
2025-07-28,14:55:12.677,1375333834396392980,Unknown_1375333834396392980,1,BUY,26.0,110.78125,d7dc0595-abb2-40a4-8474-d99285530260,1250594,7,1753728912677873803,1753728912677873803,,2,CME,ZN Sep25,,YSanghavi
2025-07-28,14:55:12.719,1375333834396392980,Unknown_1375333834396392980,1,BUY,1.0,110.78125,d7dc0595-abb2-40a4-8474-d99285530260,1250594,7,1753728912719521752,1753728912719521752,,2,CME,ZN Sep25,,YSanghavi
2025-07-28,14:55:13.184,1375333834396392980,Unknown_1375333834396392980,1,BUY,1.0,110.78125,d7dc0595-abb2-40a4-8474-d99285530260,1250594,7,1753728913184301827,1753728913184301827,,2,CME,ZN Sep25,,YSanghavi
2025-07-28,14:55:13.320,1375333834396392980,Unknown_1375333834396392980,1,BUY,1.0,110.78125,d7dc0595-abb2-40a4-8474-d99285530260,1250594,7,1753728913320400046,1753728913320400046,,2,CME,ZN Sep25,,YSanghavi
2025-07-28,14:55:14.174,1375333834396392980,Unknown_1375333834396392980,1,BUY,2.0,110.78125,d7dc0595-abb2-40a4-8474-d99285530260,1250594,7,1753728914174523953,1753728914174523953,,2,CME,ZN Sep25,,YSanghavi
2025-07-28,14:55:15.026,1375333834396392980,Unknown_1375333834396392980,1,BUY,1.0,110.78125,d7dc0595-abb2-40a4-8474-d99285530260,1250594,7,1753728915026213975,1753728915026213975,,2,CME,ZN Sep25,,YSanghavi
2025-07-28,14:55:15.077,1375333834396392980,Unknown_1375333834396392980,1,BUY,10.0,110.78125,d7dc0595-abb2-40a4-8474-d99285530260,1250594,7,1753728915077302467,1753728915077302467,,2,CME,ZN Sep25,,YSanghavi
2025-07-28,14:55:15.272,1375333834396392980,Unknown_1375333834396392980,1,BUY,8.0,110.78125,d7dc0595-abb2-40a4-8474-d99285530260,1250594,7,1753728915272862000,1753728915272862000,,2,CME,ZN Sep25,,YSanghavi
2025-07-28,14:55:15.283,1375333834396392980,Unknown_1375333834396392980,1,BUY,2.0,110.78125,d7dc0595-abb2-40a4-8474-d99285530260,1250594,7,1753728915283170113,1753728915283170113,,2,CME,ZN Sep25,,YSanghavi
2025-07-28,14:55:15.314,1375333834396392980,Unknown_1375333834396392980,1,BUY,4.0,110.78125,d7dc0595-abb2-40a4-8474-d99285530260,1250594,7,1753728915314568671,1753728915314568671,,2,CME,ZN Sep25,,YSanghavi
2025-07-28,14:55:15.696,1375333834396392980,Unknown_1375333834396392980,1,BUY,1.0,110.78125,d7dc0595-abb2-40a4-8474-d99285530260,1250594,7,1753728915696813282,1753728915696813282,,2,CME,ZN Sep25,,YSanghavi
2025-07-28,14:55:15.939,1375333834396392980,Unknown_1375333834396392980,1,BUY,1.0,110.78125,d7dc0595-abb2-40a4-8474-d99285530260,1250594,7,1753728915939807292,1753728915939807292,,2,CME,ZN Sep25,,YSanghavi
2025-07-28,14:55:16.062,1375333834396392980,Unknown_1375333834396392980,1,BUY,1.0,110.78125,d7dc0595-abb2-40a4-8474-d99285530260,1250594,7,1753728916062880831,1753728916062880831,,2,CME,ZN Sep25,,YSanghavi
2025-07-28,14:55:16.083,1375333834396392980,Unknown_1375333834396392980,1,BUY,7.0,110.78125,d7dc0595-abb2-40a4-8474-d99285530260,1250594,7,1753728916083198633,1753728916083198633,,2,CME,ZN Sep25,,YSanghavi
2025-07-28,14:55:16.308,1375333834396392980,Unknown_1375333834396392980,1,BUY,1.0,110.78125,d7dc0595-abb2-40a4-8474-d99285530260,1250594,7,1753728916308411921,1753728916308411921,,2,CME,ZN Sep25,,YSanghavi
2025-07-28,14:55:18.925,1375333834396392980,Unknown_1375333834396392980,1,BUY,9.0,110.78125,d7dc0595-abb2-40a4-8474-d99285530260,1250594,7,1753728918925946087,1753728918925946087,,2,CME,ZN Sep25,,YSanghavi
2025-07-28,14:55:19.767,1375333834396392980,Unknown_1375333834396392980,1,BUY,1.0,110.78125,d7dc0595-abb2-40a4-8474-d99285530260,1250594,7,1753728919767080275,1753728919767080275,,2,CME,ZN Sep25,,YSanghavi
2025-07-28,14:55:21.105,1375333834396392980,Unknown_1375333834396392980,1,BUY,1.0,110.78125,d7dc0595-abb2-40a4-8474-d99285530260,1250594,7,1753728921105863635,1753728921105863635,,2,CME,ZN Sep25,,YSanghavi
2025-07-28,14:55:21.116,1375333834396392980,Unknown_1375333834396392980,1,BUY,1.0,110.78125,d7dc0595-abb2-40a4-8474-d99285530260,1250594,7,1753728921116737092,1753728921116737092,,2,CME,ZN Sep25,,YSanghavi
2025-07-28,14:55:21.168,1375333834396392980,Unknown_1375333834396392980,1,BUY,1.0,110.78125,d7dc0595-abb2-40a4-8474-d99285530260,1250594,7,1753728921168819125,1753728921168819125,,2,CME,ZN Sep25,,YSanghavi
2025-07-28,14:55:23.182,1375333834396392980,Unknown_1375333834396392980,1,BUY,1.0,110.78125,d7dc0595-abb2-40a4-8474-d99285530260,1250594,7,1753728923182920060,1753728923182920060,,2,CME,ZN Sep25,,YSanghavi
2025-07-28,14:55:23.208,1375333834396392980,Unknown_1375333834396392980,1,BUY,1.0,110.78125,d7dc0595-abb2-40a4-8474-d99285530260,1250594,7,1753728923208884007,1753728923208884007,,2,CME,ZN Sep25,,YSanghavi
2025-07-28,14:55:23.604,1375333834396392980,Unknown_1375333834396392980,1,BUY,1.0,110.78125,d7dc0595-abb2-40a4-8474-d99285530260,1250594,7,1753728923604106181,1753728923604106181,,2,CME,ZN Sep25,,YSanghavi
2025-07-28,14:55:23.912,1375333834396392980,Unknown_1375333834396392980,1,BUY,3.0,110.78125,d7dc0595-abb2-40a4-8474-d99285530260,1250594,7,1753728923912774530,1753728923912774530,,2,CME,ZN Sep25,,YSanghavi
2025-07-28,14:55:24.025,1375333834396392980,Unknown_1375333834396392980,1,BUY,2.0,110.78125,d7dc0595-abb2-40a4-8474-d99285530260,1250594,7,1753728924025707962,1753728924025707962,,2,CME,ZN Sep25,,YSanghavi
2025-07-28,14:55:24.159,1375333834396392980,Unknown_1375333834396392980,1,BUY,51.0,110.78125,d7dc0595-abb2-40a4-8474-d99285530260,1250594,7,1753728924159564953,1753728924159564953,,2,CME,ZN Sep25,,YSanghavi
2025-07-28,14:55:24.180,1375333834396392980,Unknown_1375333834396392980,1,BUY,2.0,110.78125,d7dc0595-abb2-40a4-8474-d99285530260,1250594,7,1753728924180216124,1753728924180216124,,2,CME,ZN Sep25,,YSanghavi
2025-07-28,14:55:24.223,1375333834396392980,Unknown_1375333834396392980,1,BUY,1.0,110.78125,d7dc0595-abb2-40a4-8474-d99285530260,1250594,7,1753728924223483834,1753728924223483834,,2,CME,ZN Sep25,,YSanghavi
2025-07-28,14:55:24.663,1375333834396392980,Unknown_1375333834396392980,1,BUY,1.0,110.78125,d7dc0595-abb2-40a4-8474-d99285530260,1250594,7,1753728924663570187,1753728924663570187,,2,CME,ZN Sep25,,YSanghavi
2025-07-28,14:55:24.858,1375333834396392980,Unknown_1375333834396392980,1,BUY,1.0,110.78125,d7dc0595-abb2-40a4-8474-d99285530260,1250594,7,1753728924858598728,1753728924858598728,,2,CME,ZN Sep25,,YSanghavi
2025-07-28,14:55:25.869,1375333834396392980,Unknown_1375333834396392980,1,BUY,1.0,110.78125,d7dc0595-abb2-40a4-8474-d99285530260,1250594,7,1753728925869158407,1753728925869158407,,2,CME,ZN Sep25,,YSanghavi
2025-07-28,14:55:25.950,1375333834396392980,Unknown_1375333834396392980,1,BUY,2.0,110.78125,d7dc0595-abb2-40a4-8474-d99285530260,1250594,7,1753728925950744125,1753728925950744125,,2,CME,ZN Sep25,,YSanghavi
2025-07-28,14:55:26.137,1375333834396392980,Unknown_1375333834396392980,1,BUY,1.0,110.78125,d7dc0595-abb2-40a4-8474-d99285530260,1250594,7,1753728926137559106,1753728926137559106,,2,CME,ZN Sep25,,YSanghavi
2025-07-28,14:55:28.335,1375333834396392980,Unknown_1375333834396392980,1,BUY,1.0,110.78125,d7dc0595-abb2-40a4-8474-d99285530260,1250594,7,1753728928335945308,1753728928335945308,,2,CME,ZN Sep25,,YSanghavi
2025-07-28,14:55:28.664,1375333834396392980,Unknown_1375333834396392980,1,BUY,1.0,110.78125,d7dc0595-abb2-40a4-8474-d99285530260,1250594,7,1753728928664956277,1753728928664956277,,2,CME,ZN Sep25,,YSanghavi
2025-07-28,14:55:29.130,1375333834396392980,Unknown_1375333834396392980,1,BUY,10.0,110.78125,d7dc0595-abb2-40a4-8474-d99285530260,1250594,7,1753728929130620633,1753728929130620633,,2,CME,ZN Sep25,,YSanghavi
2025-07-28,14:55:29.150,1375333834396392980,Unknown_1375333834396392980,1,BUY,3.0,110.78125,d7dc0595-abb2-40a4-8474-d99285530260,1250594,7,1753728929150678450,1753728929150678450,,2,CME,ZN Sep25,,YSanghavi
2025-07-28,14:55:29.151,1375333834396392980,Unknown_1375333834396392980,1,BUY,3.0,110.78125,d7dc0595-abb2-40a4-8474-d99285530260,1250594,7,1753728929151247973,1753728929151247973,,2,CME,ZN Sep25,,YSanghavi
2025-07-28,14:55:29.172,1375333834396392980,Unknown_1375333834396392980,1,BUY,10.0,110.78125,d7dc0595-abb2-40a4-8474-d99285530260,1250594,7,1753728929172261646,1753728929172261646,,2,CME,ZN Sep25,,YSanghavi
2025-07-28,14:55:29.285,1375333834396392980,Unknown_1375333834396392980,1,BUY,13.0,110.78125,d7dc0595-abb2-40a4-8474-d99285530260,1250594,7,1753728929285763036,1753728929285763036,,2,CME,ZN Sep25,,YSanghavi
2025-07-28,14:55:30.020,1375333834396392980,Unknown_1375333834396392980,1,BUY,2.0,110.78125,d7dc0595-abb2-40a4-8474-d99285530260,1250594,7,1753728930020808497,1753728930020808497,,2,CME,ZN Sep25,,YSanghavi
2025-07-28,14:55:30.021,1375333834396392980,Unknown_1375333834396392980,1,BUY,1.0,110.78125,d7dc0595-abb2-40a4-8474-d99285530260,1250594,7,1753728930021644941,1753728930021644941,,2,CME,ZN Sep25,,YSanghavi
2025-07-28,14:55:30.175,1375333834396392980,Unknown_1375333834396392980,1,BUY,1.0,110.78125,d7dc0595-abb2-40a4-8474-d99285530260,1250594,7,1753728930175836618,1753728930175836618,,2,CME,ZN Sep25,,YSanghavi
2025-07-28,14:55:30.257,1375333834396392980,Unknown_1375333834396392980,1,BUY,9.0,110.78125,d7dc0595-abb2-40a4-8474-d99285530260,1250594,7,1753728930257495743,1753728930257495743,,2,CME,ZN Sep25,,YSanghavi
2025-07-28,14:55:30.278,1375333834396392980,Unknown_1375333834396392980,1,BUY,1.0,110.78125,d7dc0595-abb2-40a4-8474-d99285530260,1250594,7,1753728930278056958,1753728930278056958,,2,CME,ZN Sep25,,YSanghavi
2025-07-28,14:55:31.005,1375333834396392980,Unknown_1375333834396392980,1,BUY,1.0,110.78125,d7dc0595-abb2-40a4-8474-d99285530260,1250594,7,1753728931005356888,1753728931005356888,,2,CME,ZN Sep25,,YSanghavi
2025-07-28,14:55:31.893,1375333834396392980,Unknown_1375333834396392980,1,BUY,1.0,110.78125,d7dc0595-abb2-40a4-8474-d99285530260,1250594,7,1753728931893333726,1753728931893333726,,2,CME,ZN Sep25,,YSanghavi
2025-07-28,14:55:31.914,1375333834396392980,Unknown_1375333834396392980,1,BUY,1.0,110.78125,d7dc0595-abb2-40a4-8474-d99285530260,1250594,7,1753728931914266019,1753728931914266019,,2,CME,ZN Sep25,,YSanghavi
2025-07-28,14:55:31.945,1375333834396392980,Unknown_1375333834396392980,1,BUY,9.0,110.78125,d7dc0595-abb2-40a4-8474-d99285530260,1250594,7,1753728931945434263,1753728931945434263,,2,CME,ZN Sep25,,YSanghavi
2025-07-28,14:55:32.804,1375333834396392980,Unknown_1375333834396392980,1,BUY,9.0,110.78125,d7dc0595-abb2-40a4-8474-d99285530260,1250594,7,1753728932804493333,1753728932804493333,,2,CME,ZN Sep25,,YSanghavi
2025-07-28,14:55:32.866,1375333834396392980,Unknown_1375333834396392980,1,BUY,9.0,110.78125,d7dc0595-abb2-40a4-8474-d99285530260,1250594,7,1753728932866265021,1753728932866265021,,2,CME,ZN Sep25,,YSanghavi
2025-07-28,14:55:33.743,1375333834396392980,Unknown_1375333834396392980,1,BUY,1.0,110.78125,d7dc0595-abb2-40a4-8474-d99285530260,1250594,7,1753728933743989825,1753728933743989825,,2,CME,ZN Sep25,,YSanghavi
2025-07-28,14:55:33.803,1375333834396392980,Unknown_1375333834396392980,1,BUY,2.0,110.78125,d7dc0595-abb2-40a4-8474-d99285530260,1250594,7,1753728933803838167,1753728933803838167,,2,CME,ZN Sep25,,YSanghavi
2025-07-28,14:55:34.205,1375333834396392980,Unknown_1375333834396392980,1,BUY,1.0,110.78125,d7dc0595-abb2-40a4-8474-d99285530260,1250594,7,1753728934205892349,1753728934205892349,,2,CME,ZN Sep25,,YSanghavi
2025-07-28,14:55:34.697,1375333834396392980,Unknown_1375333834396392980,1,BUY,3.0,110.78125,d7dc0595-abb2-40a4-8474-d99285530260,1250594,7,1753728934697852849,1753728934697852849,,2,CME,ZN Sep25,,YSanghavi
2025-07-28,14:55:35.541,1375333834396392980,Unknown_1375333834396392980,1,BUY,9.0,110.78125,d7dc0595-abb2-40a4-8474-d99285530260,1250594,7,1753728935541286712,1753728935541286712,,2,CME,ZN Sep25,,YSanghavi
2025-07-28,14:55:36.187,1375333834396392980,Unknown_1375333834396392980,1,BUY,1.0,110.78125,d7dc0595-abb2-40a4-8474-d99285530260,1250594,7,1753728936187731389,1753728936187731389,,2,CME,ZN Sep25,,YSanghavi
2025-07-28,14:55:36.485,1375333834396392980,Unknown_1375333834396392980,1,BUY,2.0,110.78125,d7dc0595-abb2-40a4-8474-d99285530260,1250594,7,1753728936485007425,1753728936485007425,,2,CME,ZN Sep25,,YSanghavi
2025-07-28,14:55:36.580,1375333834396392980,Unknown_1375333834396392980,1,BUY,1.0,110.78125,d7dc0595-abb2-40a4-8474-d99285530260,1250594,7,1753728936580007920,1753728936580007920,,2,CME,ZN Sep25,,YSanghavi
2025-07-28,14:55:37.549,1375333834396392980,Unknown_1375333834396392980,1,BUY,45.0,110.78125,d7dc0595-abb2-40a4-8474-d99285530260,1250594,7,1753728937549192471,1753728937549192471,,2,CME,ZN Sep25,,YSanghavi
2025-07-28,14:55:37.569,1375333834396392980,Unknown_1375333834396392980,1,BUY,19.0,110.78125,d7dc0595-abb2-40a4-8474-d99285530260,1250594,7,1753728937569852851,1753728937569852851,,2,CME,ZN Sep25,,YSanghavi
2025-07-28,14:55:37.939,1375333834396392980,Unknown_1375333834396392980,1,BUY,2.0,110.78125,d7dc0595-abb2-40a4-8474-d99285530260,1250594,7,1753728937939467175,1753728937939467175,,2,CME,ZN Sep25,,YSanghavi
2025-07-28,14:55:37.960,1375333834396392980,Unknown_1375333834396392980,1,BUY,1.0,110.78125,d7dc0595-abb2-40a4-8474-d99285530260,1250594,7,1753728937960419248,1753728937960419248,,2,CME,ZN Sep25,,YSanghavi
2025-07-28,14:55:39.060,1375333834396392980,Unknown_1375333834396392980,1,BUY,99.0,110.78125,d7dc0595-abb2-40a4-8474-d99285530260,1250594,7,1753728939060820395,1753728939060820395,,2,CME,ZN Sep25,,YSanghavi
2025-07-28,14:55:39.080,1375333834396392980,Unknown_1375333834396392980,1,BUY,1.0,110.78125,d7dc0595-abb2-40a4-8474-d99285530260,1250594,7,1753728939080336129,1753728939080336129,,2,CME,ZN Sep25,,YSanghavi
2025-07-28,14:55:39.291,1375333834396392980,Unknown_1375333834396392980,1,BUY,5.0,110.78125,d7dc0595-abb2-40a4-8474-d99285530260,1250594,7,1753728939291800463,1753728939291800463,,2,CME,ZN Sep25,,YSanghavi
2025-07-28,14:55:41.730,1375333834396392980,Unknown_1375333834396392980,1,BUY,1.0,110.78125,d7dc0595-abb2-40a4-8474-d99285530260,1250594,7,1753728941730473562,1753728941730473562,,2,CME,ZN Sep25,,YSanghavi
2025-07-28,14:55:42.182,1375333834396392980,Unknown_1375333834396392980,1,BUY,1.0,110.78125,d7dc0595-abb2-40a4-8474-d99285530260,1250594,7,1753728942182995459,1753728942182995459,,2,CME,ZN Sep25,,YSanghavi
2025-07-28,14:55:43.531,1375333834396392980,Unknown_1375333834396392980,1,BUY,50.0,110.78125,d7dc0595-abb2-40a4-8474-d99285530260,1250594,7,1753728943531376801,1753728943531376801,,3,CME,ZN Sep25,,YSanghavi
2025-07-28,15:54:44.873,1375333834396392980,Unknown_1375333834396392980,1,BUY,10.0,110.8125,e99ba74a-3cc6-47a6-8436-1f5b5195ade6,1250594,7,1753732484873811805,1753732484873811805,,3,CME,ZN Sep25,,YSanghavi
2025-07-28,15:54:46.511,1375333834396392980,Unknown_1375333834396392980,1,BUY,20.0,110.8125,693f16a1-3c60-4f7f-b9b3-bc61d8b9c4b2,1250594,7,1753732486511624150,1753732486511624150,,3,CME,ZN Sep25,,YSanghavi
2025-07-28,15:54:48.517,1375333834396392980,Unknown_1375333834396392980,1,BUY,40.0,110.8125,1507c417-096f-4b8d-8555-461203e1a27e,1250594,7,1753732488517465237,1753732488517465237,,3,CME,ZN Sep25,,YSanghavi
2025-07-28,15:54:50.408,1375333834396392980,Unknown_1375333834396392980,1,BUY,80.0,110.8125,afeb0ea3-fa96-4c91-839a-9a745e02cbff,1250594,7,1753732490408581674,1753732490408581674,,3,CME,ZN Sep25,,YSanghavi
2025-07-28,15:54:52.219,1375333834396392980,Unknown_1375333834396392980,1,BUY,160.0,110.8125,f5fb0634-86a0-43be-862f-3970b2ee0e33,1250594,7,1753732492219811837,1753732492219811837,,3,CME,ZN Sep25,,YSanghavi
2025-07-28,17:07:46.166,1375333834396392980,Unknown_1375333834396392980,1,BUY,1.0,110.8125,1e0a074f-336a-48f3-9db5-b05b55688c85,1250594,7,1753736866166204983,1753736866166204983,,3,CME,ZN Sep25,,YSanghavi
2025-07-28,17:08:37.411,1375333834396392980,Unknown_1375333834396392980,2,SELL,10.0,110.796875,1a735b1c-547c-40f4-a23b-ff80bee79829,1250594,7,1753736917411839151,1753736917411839151,,3,CME,ZN Sep25,,YSanghavi
2025-07-28,17:09:42.125,1375333834396392980,Unknown_1375333834396392980,2,SELL,100.0,110.796875,309e9ec4-866d-48a7-8909-af23a7551ccb,1250594,7,1753736982125855989,1753736982125855989,,3,CME,ZN Sep25,,YSanghavi
2025-07-28,17:13:04.368,1375333834396392980,Unknown_1375333834396392980,2,SELL,15.0,110.796875,602bf6ad-2ba1-4d25-aa1b-cceb6017497d,1250594,7,1753737184368558802,1753737184368558802,,3,CME,ZN Sep25,,YSanghavi
2025-07-28,18:13:37.357,1375333834396392980,Unknown_1375333834396392980,1,BUY,10.0,110.8125,f7c34238-1246-4468-ba48-47e9bbd52f06,1250594,7,1753740817357900149,1753740817357900149,,3,CME,ZN Sep25,,YSanghavi
2025-07-28,18:14:15.629,1375333834396392980,Unknown_1375333834396392980,1,BUY,10.0,110.8125,d7b60910-f608-497d-86ba-0985dfef90f8,1250594,7,1753740855629665336,1753740855629665336,,3,CME,ZN Sep25,,YSanghavi
2025-07-28,18:14:27.609,1375333834396392980,Unknown_1375333834396392980,2,SELL,1.0,110.796875,7a52089c-77c4-4ba0-98a7-c6ff1438dcf4,1250594,7,1753740867609965631,1753740867609965631,,3,CME,ZN Sep25,,YSanghavi
2025-07-28,18:14:36.653,1375333834396392980,Unknown_1375333834396392980,2,SELL,1.0,110.796875,41b10fca-df7f-414b-a150-578336f7e545,1250594,7,1753740876653445073,1753740876653445073,,3,CME,ZN Sep25,,YSanghavi
2025-07-28,18:14:52.893,1375333834396392980,Unknown_1375333834396392980,2,SELL,1.0,110.796875,bf0bafca-f4da-407a-9248-9f8a8844a47c,1250594,7,1753740892893297883,1753740892893297883,,3,CME,ZN Sep25,,YSanghavi
2025-07-28,18:15:05.742,1375333834396392980,Unknown_1375333834396392980,2,SELL,1.0,110.796875,06d50075-af24-4db1-9a19-b29fe1148eaa,1250594,7,1753740905742482547,1753740905742482547,,3,CME,ZN Sep25,,YSanghavi
2025-07-28,18:15:22.157,1375333834396392980,Unknown_1375333834396392980,2,SELL,152.0,110.796875,499924e6-306d-416e-8ef5-8ef42a83a67b,1250594,7,1753740922157214134,1753740922157214134,,2,CME,ZN Sep25,,YSanghavi
2025-07-28,18:15:22.157,1375333834396392980,Unknown_1375333834396392980,2,SELL,48.0,110.78125,499924e6-306d-416e-8ef5-8ef42a83a67b,1250594,7,1753740922157305398,1753740922157305398,,3,CME,ZN Sep25,,YSanghavi
2025-07-28,18:16:40.309,1375333834396392980,Unknown_1375333834396392980,2,SELL,491.0,110.796875,5b2ad8a0-b946-47ae-80de-511c3d3dc16e,1250594,7,1753741000309915982,1753741000309915982,,2,CME,ZN Sep25,,YSanghavi
2025-07-28,18:16:40.310,1375333834396392980,Unknown_1375333834396392980,2,SELL,725.0,110.78125,5b2ad8a0-b946-47ae-80de-511c3d3dc16e,1250594,7,1753741000310009999,1753741000310009999,,2,CME,ZN Sep25,,YSanghavi
2025-07-28,18:16:40.310,1375333834396392980,Unknown_1375333834396392980,2,SELL,1728.0,110.765625,5b2ad8a0-b946-47ae-80de-511c3d3dc16e,1250594,7,1753741000310076686,1753741000310076686,,2,CME,ZN Sep25,,YSanghavi
2025-07-28,18:16:40.310,1375333834396392980,Unknown_1375333834396392980,2,SELL,3285.0,110.75,5b2ad8a0-b946-47ae-80de-511c3d3dc16e,1250594,7,1753741000310135189,1753741000310135189,,2,CME,ZN Sep25,,YSanghavi
2025-07-28,18:16:40.310,1375333834396392980,Unknown_1375333834396392980,2,SELL,956.0,110.734375,5b2ad8a0-b946-47ae-80de-511c3d3dc16e,1250594,7,1753741000310202757,1753741000310202757,,3,CME,ZN Sep25,,YSanghavi
2025-07-28,18:28:56.928,1375333834396392980,Unknown_1375333834396392980,1,BUY,1.0,110.8125,e0ccc0cc-63eb-44fa-bdd3-cc24e3af7ecd,1250594,7,1753741736928021484,1753741736928021484,,3,CME,ZN Sep25,,YSanghavi
2025-07-28,18:38:51.042,1375333834396392980,Unknown_1375333834396392980,2,SELL,11.0,110.8125,d1116297-f356-447b-b368-40f2d897b912,1250594,7,1753742331042634628,1753742331042634628,,3,CME,ZN Sep25,,YSanghavi
2025-07-28,18:40:09.407,1375333834396392980,Unknown_1375333834396392980,1,BUY,1.0,110.828125,54c4c9f1-ffa7-48eb-bc12-f6bcfd85ce6f,1250594,7,1753742409407159803,1753742409407159803,,3,CME,ZN Sep25,,YSanghavi
2025-07-28,21:19:50.726,1375333834396392980,Unknown_1375333834396392980,1,BUY,1.0,110.875,b2b4da2c-18d2-4f71-82b1-6a8f1717e10c,1250594,7,1753751990726034846,1753751990726034846,,3,CME,ZN Sep25,,YSanghavi
2025-07-28,21:21:07.941,1375333834396392980,Unknown_1375333834396392980,1,BUY,1.0,110.875,58d159f8-1f58-4c88-b328-8946a4347728,1250594,7,1753752067941205720,1753752067941205720,,3,CME,ZN Sep25,,YSanghavi
2025-07-28,21:23:36.398,1375333834396392980,Unknown_1375333834396392980,1,BUY,1.0,110.875,f3f1322d-5935-4f2e-b850-0f836905714a,1250594,7,1753752216398045546,1753752216398045546,,3,CME,ZN Sep25,,YSanghavi
2025-07-28,21:24:04.607,1375333834396392980,Unknown_1375333834396392980,1,BUY,1.0,110.875,d9aad2ab-ef58-4bbe-a365-f4a32af65dc7,1250594,7,1753752244607953226,1753752244607953226,,3,CME,ZN Sep25,,YSanghavi
2025-07-28,21:24:47.379,1375333834396392980,Unknown_1375333834396392980,1,BUY,1.0,110.875,806d72bd-7964-46e9-83ac-a3b589486d24,1250594,7,1753752287379720461,1753752287379720461,,3,CME,ZN Sep25,,YSanghavi
2025-07-28,21:25:05.103,1375333834396392980,Unknown_1375333834396392980,1,BUY,1.0,110.875,0fb79dd8-82e7-4d07-a20b-f5fa608616de,1250594,7,1753752305103764065,1753752305103764065,,3,CME,ZN Sep25,,YSanghavi
2025-07-28,21:25:43.099,1375333834396392980,Unknown_1375333834396392980,1,BUY,1.0,110.875,7826f7e1-6ecb-42e5-a170-169c1b977d34,1250594,7,1753752343099894891,1753752343099894891,,3,CME,ZN Sep25,,YSanghavi
2025-07-28,21:27:27.900,1375333834396392980,Unknown_1375333834396392980,1,BUY,1.0,110.859375,952c9b67-6bba-4df7-893f-a4e12cc6a967,1250594,7,1753752447900411229,1753752447900411229,,3,CME,ZN Sep25,,YSanghavi
2025-07-28,21:28:05.088,1375333834396392980,Unknown_1375333834396392980,1,BUY,1.0,110.859375,23e45676-a2e1-4a0d-aef9-67bf30c30c1b,1250594,7,1753752485088012706,1753752485088012706,,3,CME,ZN Sep25,,YSanghavi
2025-07-28,21:31:55.740,1375333834396392980,Unknown_1375333834396392980,1,BUY,1.0,110.859375,eb7a7d43-c7a8-4883-8b9c-8265722b1515,1250594,7,1753752715740133110,1753752715740133110,,3,CME,ZN Sep25,,YSanghavi
2025-07-28,21:52:08.923,1375333834396392980,Unknown_1375333834396392980,1,BUY,1.0,110.875,ff2c462f-74a4-4c1e-b565-92746024d49d,1250594,7,1753753928923097039,1753753928923097039,,3,CME,ZN Sep25,,YSanghavi
2025-07-28,21:52:13.100,1375333834396392980,Unknown_1375333834396392980,1,BUY,1.0,110.875,b9555dd7-400d-4fb4-a390-f3d2c6200783,1250594,7,1753753933100241204,1753753933100241204,,3,CME,ZN Sep25,,YSanghavi
2025-07-28,22:33:59.180,1375333834396392980,Unknown_1375333834396392980,1,BUY,1.0,110.875,91a180d5-b7e6-4cea-87cf-6d3f830bc94e,1250594,7,1753756439180336739,1753756439180336739,,3,CME,ZN Sep25,,YSanghavi
2025-07-28,22:35:10.491,1375333834396392980,Unknown_1375333834396392980,1,BUY,1.0,110.875,a890c8f5-860d-419f-9b5b-da0089e0571c,1250594,7,1753756510491143484,1753756510491143484,,3,CME,ZN Sep25,,YSanghavi
2025-07-28,22:38:33.883,1375333834396392980,Unknown_1375333834396392980,1,BUY,1.0,110.875,2ecf1368-c33a-4d3c-9b61-01be0043a1bf,1250594,7,1753756713883882546,1753756713883882546,,3,CME,ZN Sep25,,YSanghavi
2025-07-28,22:39:43.348,1375333834396392980,Unknown_1375333834396392980,2,SELL,16.0,110.859375,70ba4a2f-9ed9-46b7-87f7-c59f6a6cf22d,1250594,7,1753756783348541926,1753756783348541926,,3,CME,ZN Sep25,,YSanghavi
2025-07-28,22:41:15.850,1375333834396392980,Unknown_1375333834396392980,1,BUY,1.0,110.875,8036ecab-4059-4fa4-9f1b-763204ad7633,1250594,7,1753756875850240050,1753756875850240050,,3,CME,ZN Sep25,,YSanghavi
2025-07-28,22:43:04.393,1375333834396392980,Unknown_1375333834396392980,1,BUY,1.0,110.875,41bde221-0232-4757-a54e-b8dec13cc339,1250594,7,1753756984393980168,1753756984393980168,,3,CME,ZN Sep25,,YSanghavi
2025-07-28,22:43:06.083,1375333834396392980,Unknown_1375333834396392980,2,SELL,1.0,110.859375,443709d4-4a12-4176-a83a-1621cf145929,1250594,7,1753756986083831690,1753756986083831690,,3,CME,ZN Sep25,,YSanghavi
2025-07-29,16:15:43.326,1375333834396392980,Unknown_1375333834396392980,1,BUY,1.0,111.40625,76b7857f-dd57-4f3b-837d-a26e92cd7a84,1250594,7,1753820143326057872,1753820143326057872,,3,CME,ZN Sep25,,YSanghavi
2025-07-29,16:17:23.055,1375333834396392980,Unknown_1375333834396392980,1,BUY,1.0,111.390625,fb622ae2-5df3-4c7a-9f4b-ec3a36b14732,1250594,7,1753820243055575063,1753820243055575063,,3,CME,ZN Sep25,,YSanghavi
2025-07-29,16:18:13.517,1375333834396392980,Unknown_1375333834396392980,1,BUY,1.0,111.390625,d65b2320-35fa-423d-aa8d-bfeaf819930e,1250594,7,1753820293517380380,1753820293517380380,,3,CME,ZN Sep25,,YSanghavi
2025-07-29,16:19:14.927,1375333834396392980,Unknown_1375333834396392980,1,BUY,1.0,111.390625,e3982f96-9f63-4d2c-943f-5bf58baef7eb,1250594,7,1753820354927162379,1753820354927162379,,3,CME,ZN Sep25,,YSanghavi
2025-07-29,16:25:49.701,1375333834396392980,Unknown_1375333834396392980,1,BUY,1.0,111.390625,15323ce2-d638-427f-8bf2-b7b78bdf1c8f,1250594,7,1753820749701337903,1753820749701337903,,3,CME,ZN Sep25,,YSanghavi
2025-07-29,16:26:17.613,1375333834396392980,Unknown_1375333834396392980,1,BUY,1.0,111.390625,256f9db1-f9ab-4e61-91ed-f1835eab5066,1250594,7,1753820777613304601,1753820777613304601,,3,CME,ZN Sep25,,YSanghavi
2025-07-29,16:45:41.745,1375333834396392980,Unknown_1375333834396392980,1,BUY,1.0,111.390625,450137c1-9404-44b9-b932-808a27415cac,1250594,7,1753821941745703752,1753821941745703752,,3,CME,ZN Sep25,,YSanghavi
2025-07-29,16:45:59.622,1375333834396392980,Unknown_1375333834396392980,1,BUY,1.0,111.390625,faedef85-7392-4ffe-ba1d-7a686906a0f5,1250594,7,1753821959622817005,1753821959622817005,,3,CME,ZN Sep25,,YSanghavi
2025-07-29,16:46:22.153,1375333834396392980,Unknown_1375333834396392980,2,SELL,9.0,111.375,4075d9b3-c3dc-455e-ba4d-95fdda7e9130,1250594,7,1753821982153038668,1753821982153038668,,3,CME,ZN Sep25,,YSanghavi
2025-07-29,16:50:31.517,1375333834396392980,Unknown_1375333834396392980,1,BUY,1.0,111.390625,c0951149-46a6-4923-aef7-0bc638cdaf33,1250594,7,1753822231517231156,1753822231517231156,,3,CME,ZN Sep25,,YSanghavi
2025-07-29,17:18:19.686,1375333834396392980,Unknown_1375333834396392980,1,BUY,1.0,111.40625,30045a73-5847-4abb-a3ed-b972e76f78eb,1250594,7,1753823899686260549,1753823899686260549,,3,CME,ZN Sep25,,YSanghavi
2025-07-29,17:19:17.601,1375333834396392980,Unknown_1375333834396392980,1,BUY,1.0,111.40625,2bdf33b7-bdb3-4a39-b043-4ec8c2e8fd76,1250594,7,1753823957601421892,1753823957601421892,,3,CME,ZN Sep25,,YSanghavi
2025-07-29,17:19:36.301,1375333834396392980,Unknown_1375333834396392980,1,BUY,1.0,111.40625,c327ed28-33b8-429f-9b80-d314008386ec,1250594,7,1753823976301277888,1753823976301277888,,3,CME,ZN Sep25,,YSanghavi
2025-07-29,17:19:51.229,1375333834396392980,Unknown_1375333834396392980,2,SELL,1.0,111.375,57a88d9d-911a-48ad-a5b1-12a707869d07,1250594,7,1753823991229316196,1753823991229316196,,3,CME,ZN Sep25,,YSanghavi
2025-07-29,17:20:48.173,1375333834396392980,Unknown_1375333834396392980,1,BUY,1.0,111.40625,07c0964d-449c-4513-98f7-11ffed238011,1250594,7,1753824048173270472,1753824048173270472,,3,CME,ZN Sep25,,YSanghavi
2025-07-29,17:21:20.645,1375333834396392980,Unknown_1375333834396392980,2,SELL,1.0,111.375,3920bd3e-41e1-4da1-928b-da7b24e4f0ea,1250594,7,1753824080645043720,1753824080645043720,,3,CME,ZN Sep25,,YSanghavi
2025-07-29,17:27:18.629,1375333834396392980,Unknown_1375333834396392980,1,BUY,1.0,111.40625,b1625479-bd57-4eb1-9ec1-e6967b30fd5a,1250594,7,1753824438629229192,1753824438629229192,,3,CME,ZN Sep25,,YSanghavi
2025-07-29,17:29:56.054,1375333834396392980,Unknown_1375333834396392980,2,SELL,1.0,111.375,3d820043-e8c2-41c4-b09b-f7565c8d9955,1250594,7,1753824596054340214,1753824596054340214,,3,CME,ZN Sep25,,YSanghavi
2025-07-29,17:31:59.543,1375333834396392980,Unknown_1375333834396392980,1,BUY,1.0,111.40625,3745317c-de86-4ccd-8d51-89a882453cd1,1250594,7,1753824719543569059,1753824719543569059,,3,CME,ZN Sep25,,YSanghavi
2025-07-29,17:34:36.169,1375333834396392980,Unknown_1375333834396392980,1,BUY,1.0,111.40625,4c143db8-89b5-4db8-bc80-b68cca72130d,1250594,7,1753824876169441082,1753824876169441082,,3,CME,ZN Sep25,,YSanghavi
2025-07-29,17:34:51.093,1375333834396392980,Unknown_1375333834396392980,2,SELL,1.0,111.375,de76a805-881a-4ccd-966e-fc9b604e302c,1250594,7,1753824891093826260,1753824891093826260,,3,CME,ZN Sep25,,YSanghavi
2025-07-29,17:35:16.156,1375333834396392980,Unknown_1375333834396392980,2,SELL,4.0,111.375,a2ae8570-39a5-419c-9c13-d50b06c0809b,1250594,7,1753824916156957261,1753824916156957261,,3,CME,ZN Sep25,,YSanghavi
2025-07-29,17:37:21.396,1375333834396392980,Unknown_1375333834396392980,2,SELL,1.0,111.375,70d32e28-9cba-4441-93b8-4bbe5aaa5540,1250594,7,1753825041396191057,1753825041396191057,,3,CME,ZN Sep25,,YSanghavi
2025-07-29,17:40:55.923,1375333834396392980,Unknown_1375333834396392980,1,BUY,1.0,111.40625,7f94f121-bbfc-464c-8b51-c6feef47415f,1250594,7,1753825255923755883,1753825255923755883,,3,CME,ZN Sep25,,YSanghavi
2025-07-29,17:41:54.736,1375333834396392980,Unknown_1375333834396392980,1,BUY,1.0,111.40625,f3608586-527f-42cd-8955-f034e0854df3,1250594,7,1753825314736624191,1753825314736624191,,3,CME,ZN Sep25,,YSanghavi
2025-07-29,17:42:10.867,1375333834396392980,Unknown_1375333834396392980,2,SELL,1.0,111.375,b1a8eb62-5ec3-45cb-a581-35ba6047c152,1250594,7,1753825330867675590,1753825330867675590,,3,CME,ZN Sep25,,YSanghavi
2025-07-29,18:00:33.026,1375333834396392980,Unknown_1375333834396392980,1,BUY,1.0,111.390625,3a86bcf1-8103-4b46-af95-9a4d8e9b4b8f,1250594,7,1753826433026145877,1753826433026145877,,3,CME,ZN Sep25,,YSanghavi
2025-07-29,18:04:02.826,1375333834396392980,Unknown_1375333834396392980,1,BUY,1.0,111.390625,c47e5f3f-01ad-4cdd-9d37-19e244da65a0,1250594,7,1753826642826069515,1753826642826069515,,3,CME,ZN Sep25,,YSanghavi
2025-07-29,18:04:24.964,1375333834396392980,Unknown_1375333834396392980,2,SELL,1.0,111.375,ab41bb0f-a22e-4e66-b831-41d420ee8fb8,1250594,7,1753826664964472124,1753826664964472124,,3,CME,ZN Sep25,,YSanghavi
2025-07-29,18:08:16.790,1375333834396392980,Unknown_1375333834396392980,2,SELL,1.0,111.375,0f481eba-33be-4fbd-970a-b6feb7b8ff12,1250594,7,1753826896790560343,1753826896790560343,,3,CME,ZN Sep25,,YSanghavi
2025-07-29,19:50:46.986,1375333834396392980,Unknown_1375333834396392980,1,BUY,1.0,111.375,30ca6e19-6bf0-4c03-93e1-26f864007474,1250594,7,1753833046986785119,1753833046986785119,,3,CME,ZN Sep25,,YSanghavi
2025-07-29,19:51:20.644,1375333834396392980,Unknown_1375333834396392980,1,BUY,1.0,111.375,fb349006-a1b0-4e58-ae0e-8382e0defa6b,1250594,7,1753833080644463226,1753833080644463226,,3,CME,ZN Sep25,,YSanghavi
2025-07-29,19:51:30.626,1375333834396392980,Unknown_1375333834396392980,1,BUY,1.0,111.375,02037e3b-79b4-4ea4-9970-9fd6e1c50895,1250594,7,1753833090626259866,1753833090626259866,,3,CME,ZN Sep25,,YSanghavi
2025-07-29,19:51:47.746,1375333834396392980,Unknown_1375333834396392980,2,SELL,1.0,111.359375,de2bbfcd-2239-4624-9aa1-1f96474f3d77,1250594,7,1753833107746517508,1753833107746517508,,3,CME,ZN Sep25,,YSanghavi
2025-07-29,19:51:59.738,1375333834396392980,Unknown_1375333834396392980,1,BUY,1.0,111.375,68225d34-ee2a-4ec8-920a-134dce088bc3,1250594,7,1753833119738304862,1753833119738304862,,3,CME,ZN Sep25,,YSanghavi
2025-07-29,19:52:38.736,1375333834396392980,Unknown_1375333834396392980,1,BUY,1.0,111.375,b70dbb0d-d111-4eb5-99dc-59b7784d4cb0,1250594,7,1753833158736936264,1753833158736936264,,3,CME,ZN Sep25,,YSanghavi
2025-07-29,19:52:46.355,1375333834396392980,Unknown_1375333834396392980,2,SELL,1.0,111.359375,be5afff3-297c-4de6-bce6-978db7bdf0ef,1250594,7,1753833166355730269,1753833166355730269,,3,CME,ZN Sep25,,YSanghavi
2025-07-29,19:52:54.448,1375333834396392980,Unknown_1375333834396392980,1,BUY,1.0,111.375,235c8676-7718-4610-a973-d1212d5f45f0,1250594,7,1753833174448473645,1753833174448473645,,3,CME,ZN Sep25,,YSanghavi
2025-07-30,09:47:35.521,1375333834396392980,Unknown_1375333834396392980,1,BUY,5.0,111.09375,73cac39e-110c-4a01-b2ed-f694eb6eeede,1250594,7,1753883255521939007,1753883255521939007,,3,CME,ZN Sep25,,YSanghavi
2025-07-30,09:49:08.849,1375333834396392980,Unknown_1375333834396392980,1,BUY,5.0,111.0625,42aa0e3c-c067-4184-a0ac-65ef44f2a272,1250594,7,1753883348849950483,1753883348849950483,,3,CME,ZN Sep25,,YSanghavi
2025-07-30,11:34:49.640,1375333834396392980,Unknown_1375333834396392980,1,BUY,1.0,111.0625,58d7e76a-d73a-4b36-b98b-d23f95694d32,1250594,7,1753889689640553907,1753889689640553907,,3,CME,ZN Sep25,,YSanghavi
2025-07-30,11:36:57.760,1375333834396392980,Unknown_1375333834396392980,1,BUY,1.0,111.0625,ccd55d18-d4b3-48a6-b489-92d2567a68fb,1250594,7,1753889817760520699,1753889817760520699,,3,CME,ZN Sep25,,YSanghavi
2025-07-30,11:36:57.767,1375333834396392980,Unknown_1375333834396392980,1,BUY,1.0,111.0625,a10d9103-9041-4f65-aca8-07b3509bcd18,1250594,1001,1753889817767572439,1753889817767572439,,2,ALGO,ZN Sep25,,YSanghavi
2025-07-30,11:37:10.154,1375333834396392980,Unknown_1375333834396392980,1,BUY,1.0,111.0625,caa60e2b-5db5-471e-b738-30a7ca54e526,1250594,7,1753889830154470075,1753889830154470075,,3,CME,ZN Sep25,,YSanghavi
2025-07-30,11:37:10.161,1375333834396392980,Unknown_1375333834396392980,1,BUY,1.0,111.0625,fdb5e3be-e243-4cb6-b069-67722afa15f8,1250594,1001,1753889830161281905,1753889830161281905,,2,ALGO,ZN Sep25,,YSanghavi
2025-07-30,11:37:50.272,1375333834396392980,Unknown_1375333834396392980,1,BUY,1.0,111.078125,5cc7eaa1-4b77-4c12-803b-eac4d1cc2491,1250594,7,1753889870272042617,1753889870272042617,,3,CME,ZN Sep25,,YSanghavi
2025-07-30,11:37:50.279,1375333834396392980,Unknown_1375333834396392980,1,BUY,1.0,111.078125,c1068a54-0e4f-4698-9b75-a4e9adf0171b,1250594,1001,1753889870279488537,1753889870279488537,,3,ALGO,ZN Sep25,,YSanghavi
2025-07-30,11:37:57.703,1375333834396392980,Unknown_1375333834396392980,1,BUY,1.0,111.078125,87318818-87bf-4bf1-b6ad-078574e194b2,1250594,7,1753889877703177966,1753889877703177966,,3,CME,ZN Sep25,,YSanghavi
2025-07-30,11:37:57.709,1375333834396392980,Unknown_1375333834396392980,1,BUY,1.0,111.078125,3eb5bfdb-b306-41b3-af92-21a6d54c9448,1250594,1001,1753889877709680883,1753889877709680883,,3,ALGO,ZN Sep25,,YSanghavi
2025-07-30,11:44:29.844,1375333834396392980,Unknown_1375333834396392980,1,BUY,1.0,111.09375,ee5a9a68-7690-492b-a674-2e002760448f,1250594,7,1753890269844781615,1753890269844781615,,3,CME,ZN Sep25,,YSanghavi
2025-07-30,11:44:29.850,1375333834396392980,Unknown_1375333834396392980,1,BUY,1.0,111.09375,a5092e42-b2c8-4743-86dd-69ff238fd3cd,1250594,1001,1753890269850662719,1753890269850662719,,2,ALGO,ZN Sep25,,YSanghavi
2025-07-30,11:44:39.848,1375333834396392980,Unknown_1375333834396392980,1,BUY,1.0,111.09375,92f0117f-94c8-451e-b488-99860b788d8b,1250594,7,1753890279848703028,1753890279848703028,,3,CME,ZN Sep25,,YSanghavi
2025-07-30,11:44:39.855,1375333834396392980,Unknown_1375333834396392980,1,BUY,1.0,111.09375,4c843a29-8685-416f-ba02-ba74393f13b8,1250594,1001,1753890279855342103,1753890279855342103,,2,ALGO,ZN Sep25,,YSanghavi
2025-07-30,11:44:52.674,1375333834396392980,Unknown_1375333834396392980,1,BUY,1.0,111.078125,0acebe0e-f51d-4688-af7a-812e8ab053c4,1250594,7,1753890292674732855,1753890292674732855,,3,CME,ZN Sep25,,YSanghavi
2025-07-30,11:44:52.681,1375333834396392980,Unknown_1375333834396392980,1,BUY,1.0,111.078125,a10d9103-9041-4f65-aca8-07b3509bcd18,1250594,1001,1753890292681386030,1753890292681386030,,2,ALGO,ZN Sep25,,YSanghavi
2025-07-30,11:45:43.619,1375333834396392980,Unknown_1375333834396392980,1,BUY,8.0,111.09375,b70149a3-363d-4e3f-b3e2-543e2997a561,1250594,7,1753890343619900673,1753890343619900673,,3,CME,ZN Sep25,,YSanghavi
2025-07-30,11:46:08.360,1375333834396392980,Unknown_1375333834396392980,1,BUY,1.0,111.09375,03d10628-7c6e-4262-bb29-21ad214bddb1,1250594,7,1753890368360972338,1753890368360972338,,3,CME,ZN Sep25,,YSanghavi
2025-07-30,11:46:08.371,1375333834396392980,Unknown_1375333834396392980,1,BUY,1.0,111.09375,c2b0cdbd-5955-4a4a-8852-6c9319cd083f,1250594,1001,1753890368371414781,1753890368371414781,,3,ALGO,ZN Sep25,,YSanghavi
2025-07-30,11:46:14.237,1375333834396392980,Unknown_1375333834396392980,1,BUY,1.0,111.09375,1f46ec61-60ae-4dff-8d23-792cd742805f,1250594,7,1753890374237199161,1753890374237199161,,3,CME,ZN Sep25,,YSanghavi
2025-07-30,11:46:14.243,1375333834396392980,Unknown_1375333834396392980,1,BUY,1.0,111.09375,f00d7771-9c9d-4587-9868-819b5766635e,1250594,1001,1753890374243835062,1753890374243835062,,2,ALGO,ZN Sep25,,YSanghavi
2025-07-30,11:46:23.430,1375333834396392980,Unknown_1375333834396392980,1,BUY,1.0,111.09375,4b57576b-964a-491d-8efc-107b21b47c6a,1250594,7,1753890383430227360,1753890383430227360,,3,CME,ZN Sep25,,YSanghavi
2025-07-30,11:46:23.437,1375333834396392980,Unknown_1375333834396392980,1,BUY,1.0,111.09375,66b2db87-fb83-4f08-8f2a-c45c613f10c0,1250594,1001,1753890383437158099,1753890383437158099,,2,ALGO,ZN Sep25,,YSanghavi
2025-07-30,11:49:29.845,1375333834396392980,Unknown_1375333834396392980,1,BUY,1.0,111.09375,4126942a-9eaf-4976-aa5a-1a9bde301b0e,1250594,7,1753890569845171935,1753890569845171935,,3,CME,ZN Sep25,,YSanghavi
2025-07-30,11:49:29.852,1375333834396392980,Unknown_1375333834396392980,1,BUY,1.0,111.09375,a5092e42-b2c8-4743-86dd-69ff238fd3cd,1250594,1001,1753890569852321830,1753890569852321830,,3,ALGO,ZN Sep25,,YSanghavi
2025-07-30,11:49:39.849,1375333834396392980,Unknown_1375333834396392980,1,BUY,1.0,111.09375,22d27e13-052e-41d3-a0b4-ae67a587794f,1250594,7,1753890579849615080,1753890579849615080,,3,CME,ZN Sep25,,YSanghavi
2025-07-30,11:49:39.856,1375333834396392980,Unknown_1375333834396392980,1,BUY,1.0,111.09375,4c843a29-8685-416f-ba02-ba74393f13b8,1250594,1001,1753890579856800203,1753890579856800203,,3,ALGO,ZN Sep25,,YSanghavi
2025-07-30,11:50:41.344,1375333834396392980,Unknown_1375333834396392980,1,BUY,1.0,111.078125,862c4690-a745-4f21-8142-23c9eb02b7f5,1250594,7,1753890641344494514,1753890641344494514,,3,CME,ZN Sep25,,YSanghavi
2025-07-30,11:50:41.351,1375333834396392980,Unknown_1375333834396392980,1,BUY,1.0,111.078125,a10d9103-9041-4f65-aca8-07b3509bcd18,1250594,1001,1753890641351282501,1753890641351282501,,3,ALGO,ZN Sep25,,YSanghavi
2025-07-30,11:51:13.421,1375333834396392980,Unknown_1375333834396392980,1,BUY,1.0,111.0625,09c43dc0-023c-453b-8778-7487a31d2113,1250594,7,1753890673421045044,1753890673421045044,,3,CME,ZN Sep25,,YSanghavi
2025-07-30,11:51:13.421,1375333834396392980,Unknown_1375333834396392980,1,BUY,1.0,111.0625,b62f11da-05b7-4967-aeae-925a70545d64,1250594,7,1753890673421216551,1753890673421216551,,3,CME,ZN Sep25,,YSanghavi
2025-07-30,11:51:13.427,1375333834396392980,Unknown_1375333834396392980,1,BUY,1.0,111.0625,fdb5e3be-e243-4cb6-b069-67722afa15f8,1250594,1001,1753890673427279820,1753890673427279820,,2,ALGO,ZN Sep25,,YSanghavi
2025-07-30,11:51:13.429,1375333834396392980,Unknown_1375333834396392980,1,BUY,1.0,111.0625,fdb5e3be-e243-4cb6-b069-67722afa15f8,1250594,1001,1753890673429513938,1753890673429513938,,3,ALGO,ZN Sep25,,YSanghavi
2025-07-30,11:51:14.237,1375333834396392980,Unknown_1375333834396392980,1,BUY,1.0,111.0625,ed94c7e4-b298-463f-80de-fd2e813f66df,1250594,7,1753890674237865888,1753890674237865888,,3,CME,ZN Sep25,,YSanghavi
2025-07-30,11:51:14.244,1375333834396392980,Unknown_1375333834396392980,1,BUY,1.0,111.0625,f00d7771-9c9d-4587-9868-819b5766635e,1250594,1001,1753890674244754550,1753890674244754550,,2,ALGO,ZN Sep25,,YSanghavi
2025-07-30,11:51:23.431,1375333834396392980,Unknown_1375333834396392980,1,BUY,1.0,111.0625,302176ac-1d10-43a8-97ed-d95947882688,1250594,7,1753890683431021135,1753890683431021135,,3,CME,ZN Sep25,,YSanghavi
2025-07-30,11:51:23.438,1375333834396392980,Unknown_1375333834396392980,1,BUY,1.0,111.0625,66b2db87-fb83-4f08-8f2a-c45c613f10c0,1250594,1001,1753890683438201954,1753890683438201954,,2,ALGO,ZN Sep25,,YSanghavi
2025-07-30,11:56:14.238,1375333834396392980,Unknown_1375333834396392980,1,BUY,1.0,111.078125,a1a2a76a-0cb7-4fc2-959e-d82908e4285e,1250594,7,1753890974238191492,1753890974238191492,,3,CME,ZN Sep25,,YSanghavi
2025-07-30,11:56:14.244,1375333834396392980,Unknown_1375333834396392980,1,BUY,1.0,111.078125,f00d7771-9c9d-4587-9868-819b5766635e,1250594,1001,1753890974244504957,1753890974244504957,,2,ALGO,ZN Sep25,,YSanghavi
2025-07-30,11:56:23.431,1375333834396392980,Unknown_1375333834396392980,1,BUY,1.0,111.078125,c183f38b-159c-4eec-b059-efe5a87bd133,1250594,7,1753890983431063481,1753890983431063481,,3,CME,ZN Sep25,,YSanghavi
2025-07-30,11:56:23.438,1375333834396392980,Unknown_1375333834396392980,1,BUY,1.0,111.078125,66b2db87-fb83-4f08-8f2a-c45c613f10c0,1250594,1001,1753890983438064042,1753890983438064042,,2,ALGO,ZN Sep25,,YSanghavi
2025-07-30,12:01:14.238,1375333834396392980,Unknown_1375333834396392980,1,BUY,1.0,111.09375,4d259af9-eaea-4ad1-89fc-5986471f60d6,1250594,7,1753891274238846009,1753891274238846009,,3,CME,ZN Sep25,,YSanghavi
2025-07-30,12:01:14.248,1375333834396392980,Unknown_1375333834396392980,1,BUY,1.0,111.09375,f00d7771-9c9d-4587-9868-819b5766635e,1250594,1001,1753891274248196757,1753891274248196757,,3,ALGO,ZN Sep25,,YSanghavi
2025-07-30,12:01:23.431,1375333834396392980,Unknown_1375333834396392980,1,BUY,1.0,111.09375,ebc4018e-f798-453e-843a-06327b1253c6,1250594,7,1753891283431484285,1753891283431484285,,3,CME,ZN Sep25,,YSanghavi
2025-07-30,12:01:23.438,1375333834396392980,Unknown_1375333834396392980,1,BUY,1.0,111.09375,66b2db87-fb83-4f08-8f2a-c45c613f10c0,1250594,1001,1753891283438421736,1753891283438421736,,2,ALGO,ZN Sep25,,YSanghavi
2025-08-04,09:53:52.738,1375333834396392980,Unknown_1375333834396392980,1,BUY,1.0,112.25,ab7e9dd4-6622-4803-8ea9-a5a98375a35a,1250594,7,1754315632738004857,1754315632738004857,,3,CME,ZN Sep25,,YSanghavi
2025-08-04,09:54:01.126,1375333834396392980,Unknown_1375333834396392980,2,SELL,1.0,112.234375,f876f8fc-d8f1-4300-9f33-daa8e074abd0,1250594,7,1754315641126955112,1754315641126955112,,3,CME,ZN Sep25,,YSanghavi
2025-08-04,10:05:32.081,1375333834396392980,Unknown_1375333834396392980,1,BUY,1.0,112.234375,205b9951-33fd-4f1b-9179-bbbad9d7e9d6,1250594,7,1754316332081094504,1754316332081094504,,3,CME,ZN Sep25,,YSanghavi
2025-08-04,10:38:13.290,1375333834396392980,Unknown_1375333834396392980,2,SELL,1.0,112.21875,38afe400-84ef-43dd-8345-fdfc4186113f,1250594,7,1754318293290514902,1754318293290514902,,3,CME,ZN Sep25,,YSanghavi
2025-08-04,10:38:20.649,1375333834396392980,Unknown_1375333834396392980,2,SELL,1.0,112.21875,6879941b-4078-4fce-9d3c-0ce3fe1e9239,1250594,7,1754318300649819187,1754318300649819187,,3,CME,ZN Sep25,,YSanghavi
2025-08-04,10:38:40.281,1375333834396392980,Unknown_1375333834396392980,1,BUY,1.0,112.21875,dca9b97b-106f-4967-b48c-89fd2f6a17d4,1250594,7,1754318320281432189,1754318320281432189,,3,CME,ZN Sep25,,YSanghavi
2025-08-04,10:38:51.165,1375333834396392980,Unknown_1375333834396392980,1,BUY,1.0,112.21875,9167319e-3612-4b4d-b1b1-7fbe6d8a6571,1250594,7,1754318331165100620,1754318331165100620,,3,CME,ZN Sep25,,YSanghavi
2025-08-04,10:39:01.653,1375333834396392980,Unknown_1375333834396392980,1,BUY,1.0,112.203125,763da321-fe76-40fa-a896-c10cd76e6f74,1250594,7,1754318341653571762,1754318341653571762,,3,CME,ZN Sep25,,YSanghavi
2025-08-04,10:39:04.334,1375333834396392980,Unknown_1375333834396392980,2,SELL,1.0,112.1875,a89ae4e8-dc69-4458-af00-5b6d6350f704,1250594,7,1754318344334939947,1754318344334939947,,3,CME,ZN Sep25,,YSanghavi
2025-08-04,10:39:10.273,1375333834396392980,Unknown_1375333834396392980,2,SELL,1.0,112.1875,722ba7da-1939-4474-a665-4d1e1aec5f90,1250594,7,1754318350273228328,1754318350273228328,,3,CME,ZN Sep25,,YSanghavi
2025-08-04,10:39:15.209,1375333834396392980,Unknown_1375333834396392980,2,SELL,1.0,112.1875,5e89c991-0c04-424b-add3-2fa6a7c8c1dc,1250594,7,1754318355209459254,1754318355209459254,,3,CME,ZN Sep25,,YSanghavi
2025-08-04,10:39:19.691,1375333834396392980,Unknown_1375333834396392980,2,SELL,1.0,112.1875,1c5d9ec3-eb1a-496a-839c-ebf5ad55696d,1250594,7,1754318359691125285,1754318359691125285,,3,CME,ZN Sep25,,YSanghavi
2025-08-04,10:39:26.717,1375333834396392980,Unknown_1375333834396392980,1,BUY,1.0,112.1875,fa27026e-4759-4893-a6a3-b128b03c38e9,1250594,7,1754318366717997588,1754318366717997588,,3,CME,ZN Sep25,,YSanghavi
2025-08-04,10:39:33.631,1375333834396392980,Unknown_1375333834396392980,1,BUY,1.0,112.1875,dcdda359-9269-43bf-89db-d88e7459f61f,1250594,7,1754318373631134368,1754318373631134368,,3,CME,ZN Sep25,,YSanghavi
2025-08-04,10:39:48.714,1375333834396392980,Unknown_1375333834396392980,2,SELL,1.0,112.15625,40762ecf-f883-4066-a3af-7939d3f1049a,1250594,7,1754318388714916523,1754318388714916523,,3,CME,ZN Sep25,,YSanghavi
2025-08-04,10:39:55.010,1375333834396392980,Unknown_1375333834396392980,2,SELL,1.0,112.15625,68dec635-1a96-4a6f-be60-2101dc009e16,1250594,7,1754318395010756152,1754318395010756152,,3,CME,ZN Sep25,,YSanghavi
2025-08-04,10:40:06.269,1375333834396392980,Unknown_1375333834396392980,2,SELL,1.0,112.15625,ec86afd8-daa0-413b-a23c-7d0f3db8f667,1250594,7,1754318406269972445,1754318406269972445,,3,CME,ZN Sep25,,YSanghavi
2025-08-04,10:53:49.762,1375333834396392980,Unknown_1375333834396392980,2,SELL,1.0,112.078125,6b8b8f66-e7d6-4b3e-9139-89bd50fea685,1250594,7,1754319229762883888,1754319229762883888,,3,CME,ZN Sep25,,YSanghavi
2025-08-04,10:54:23.046,1375333834396392980,Unknown_1375333834396392980,2,SELL,1.0,112.109375,6f1b49b6-aea9-4f57-ab84-b4c562b4e265,1250594,7,1754319263046985209,1754319263046985209,,3,CME,ZN Sep25,,YSanghavi
2025-08-04,10:54:37.187,1375333834396392980,Unknown_1375333834396392980,2,SELL,1.0,112.109375,cb0516e0-c2a8-4a28-937e-f7f2c1c819d2,1250594,7,1754319277187195367,1754319277187195367,,3,CME,ZN Sep25,,YSanghavi
2025-08-04,10:54:44.936,1375333834396392980,Unknown_1375333834396392980,1,BUY,1.0,112.125,48ab1f89-d3cc-46a2-94be-eb45a9922418,1250594,7,1754319284936620558,1754319284936620558,,3,CME,ZN Sep25,,YSanghavi
2025-08-04,10:55:30.517,1375333834396392980,Unknown_1375333834396392980,2,SELL,1.0,112.125,f8a70681-d657-43f3-8160-4743c78a4959,1250594,7,1754319330517844859,1754319330517844859,,3,CME,ZN Sep25,,YSanghavi
2025-08-04,10:55:55.105,1375333834396392980,Unknown_1375333834396392980,2,SELL,1.0,112.125,673e62b9-070a-4d85-ba83-80806388ddaa,1250594,7,1754319355105353005,1754319355105353005,,3,CME,ZN Sep25,,YSanghavi
2025-08-04,10:56:03.445,1375333834396392980,Unknown_1375333834396392980,2,SELL,1.0,112.109375,a327b1b7-393e-4fa9-8e70-976ceed477a9,1250594,7,1754319363445502551,1754319363445502551,,3,CME,ZN Sep25,,YSanghavi
2025-08-04,10:56:11.473,1375333834396392980,Unknown_1375333834396392980,2,SELL,1.0,112.125,51458ec2-6055-4e49-af0d-06dc5ff10914,1250594,7,1754319371473300182,1754319371473300182,,3,CME,ZN Sep25,,YSanghavi
2025-08-04,10:56:18.646,1375333834396392980,Unknown_1375333834396392980,2,SELL,1.0,112.125,1c525b0c-b9d7-4c3d-9d17-9aa0eac65fbb,1250594,7,1754319378646794916,1754319378646794916,,3,CME,ZN Sep25,,YSanghavi
2025-08-04,11:17:39.776,1375333834396392980,Unknown_1375333834396392980,1,BUY,1.0,112.21875,ca51af66-27da-43d0-8251-3433691d7d83,1250594,7,1754320659776857176,1754320659776857176,,3,CME,ZN Sep25,,YSanghavi
2025-08-04,11:18:15.380,1375333834396392980,Unknown_1375333834396392980,1,BUY,1.0,112.21875,6f443414-4186-4c5b-8b32-581febb7fddb,1250594,7,1754320695380997191,1754320695380997191,,3,CME,ZN Sep25,,YSanghavi
2025-08-04,11:52:51.227,1375333834396392980,Unknown_1375333834396392980,1,BUY,1.0,112.328125,91c9e581-eff2-45aa-a434-d0bf2cd8e813,1250594,7,1754322771227767939,1754322771227767939,,3,CME,ZN Sep25,,YSanghavi
2025-08-04,11:53:01.412,1375333834396392980,Unknown_1375333834396392980,1,BUY,1.0,112.328125,9e7b864a-80fc-4cd9-bfd8-f72626175a6d,1250594,7,1754322781412316249,1754322781412316249,,3,CME,ZN Sep25,,YSanghavi
2025-08-04,12:48:26.159,1375333834396392980,Unknown_1375333834396392980,1,BUY,1.0,112.34375,e0fce369-d2a6-48fe-9fd4-925ee0860d52,1250594,7,1754326106159238203,1754326106159238203,,3,CME,ZN Sep25,,YSanghavi
2025-08-04,12:50:43.085,1375333834396392980,Unknown_1375333834396392980,2,SELL,1.0,112.34375,96577249-a351-4180-8693-dc13a272059a,1250594,7,1754326243085984415,1754326243085984415,,3,CME,ZN Sep25,,YSanghavi
2025-08-04,12:55:55.430,1375333834396392980,Unknown_1375333834396392980,1,BUY,1.0,112.328125,5742a73b-2147-4444-9dfd-97f69a44a45d,1250594,7,1754326555430360536,1754326555430360536,,3,CME,ZN Sep25,,YSanghavi
2025-08-04,14:04:06.444,1375333834396392980,Unknown_1375333834396392980,1,BUY,1.0,112.34375,5a4101dc-72b0-4c89-ac37-58a7e3ea42a7,1250594,7,1754330646444025390,1754330646444025390,,3,CME,ZN Sep25,,YSanghavi
2025-08-04,14:04:07.014,1375333834396392980,Unknown_1375333834396392980,2,SELL,1.0,112.328125,7710eef7-46b1-4aa9-8b37-aa940d65132a,1250594,7,1754330647014370304,1754330647014370304,,3,CME,ZN Sep25,,YSanghavi
2025-08-04,14:04:07.545,1375333834396392980,Unknown_1375333834396392980,1,BUY,1.0,112.34375,bc9b6417-c646-4a13-8229-c10af74ec9ef,1250594,7,1754330647545555035,1754330647545555035,,3,CME,ZN Sep25,,YSanghavi
2025-08-04,14:04:07.960,1375333834396392980,Unknown_1375333834396392980,2,SELL,1.0,112.328125,5b6b4da3-93de-47e1-a00f-b722c10c2499,1250594,7,1754330647960743687,1754330647960743687,,3,CME,ZN Sep25,,YSanghavi
2025-08-05,14:14:56.899,1375333834396392980,Unknown_1375333834396392980,1,BUY,1.0,112.28125,888012d3-1573-4a66-907a-addc7833d52a,1250594,7,1754417696899931375,1754417696899931375,,3,CME,ZN Sep25,,YSanghavi
2025-08-05,14:15:32.289,1375333834396392980,Unknown_1375333834396392980,1,BUY,1.0,112.296875,ef924b6d-9bb6-4669-86d0-69d69f9f1b36,1250594,7,1754417732289526690,1754417732289526690,,3,CME,ZN Sep25,,YSanghavi
2025-08-05,14:15:55.764,1375333834396392980,Unknown_1375333834396392980,1,BUY,1.0,112.28125,49817958-ef52-4395-9ea4-bd91c0f8299c,1250594,7,1754417755764928394,1754417755764928394,,3,CME,ZN Sep25,,YSanghavi
2025-08-05,14:16:43.680,1375333834396392980,Unknown_1375333834396392980,1,BUY,1.0,112.265625,73094f4a-eabb-48bb-b92e-587fad6898da,1250594,7,1754417803680933821,1754417803680933821,,3,CME,ZN Sep25,,YSanghavi
